QUẬN HUYỆN,DIỆN TÍCH - M2,HƯỚNG,SỐ PHÒNG,SỐ TOILETS,GIẤY TỜ PHÁP LÝ,GIÁ - TRIỆU ĐỒNG
Quận 9,69,,2,2,Đã có sổ,2650
Quận Tân Bình,74.1,,2,2,Đang chờ sổ,3970
Quận 9,46.5,Tây,1,1,Đang chờ sổ,678
Quận Tân Phú,65,,2,2,,2870
Quận 9,70,Đông Bắc,2,2,Đã có sổ,3000
Quận 7,70,,2,,Đang chờ sổ,3200
Quận 2,56.6,,2,2,,3800
Quận 11,20,Đông Bắc,1,1,Đã có sổ,1570
Quận Thủ Đức,89,,2,2,,3500
Huyện Bình Chánh,55,Nam,2,2,Giấy tờ khác,1500
Quận Bình Tân,65,,2,2,Đã có sổ,1750
Quận Bình Tân,66,Tây Bắc,2,1,Đã có sổ,1620
Quận 9,50,Bắc,2,1,Đã có sổ,1640
Quận Tân Phú,60,Nam,2,1,Đang chờ sổ,1500
Quận 12,70,,2,2,Đang chờ sổ,1920
Quận 9,68,,2,2,,2586
Quận 7,77,,2,2,Đã có sổ,3950
Quận Tân Phú,104.5,,3,2,Đang chờ sổ,4700
Quận 7,57,,2,1,Đang chờ sổ,2360
Quận 9,31,,1,1,Đang chờ sổ,910
Quận 9,59,Tây Nam,2,1,,1400
Quận 9,47,,2,1,Đã có sổ,1293
Quận Tân Phú,88,Bắc,3,2,Đang chờ sổ,3200
Quận Bình Tân,83,Bắc,3,2,Đang chờ sổ,2250
Quận 9,59,Tây,2,1,Đang chờ sổ,1256
Quận 7,76,,2,2,Đang chờ sổ,4000
Quận Tân Phú,92.5,Đông Nam,2,2,,4450
Quận 5,120,,3,2,Đã có sổ,2250
Quận Tân Phú,104,,3,2,,4700
Quận 7,60,,1,1,Đã có sổ,1390
Quận 8,80.43,,3,2,Đang chờ sổ,2001
Quận 2,66.8,,2,2,Giấy tờ khác,5500
Quận 12,57,,2,1,Đang chờ sổ,2360
Quận 9,72.17,,2,2,Đã có sổ,2850
Quận Tân Phú,84,,2,2,,4330
Quận 2,91,,3,2,Đã có sổ,5730
Quận 2,77,Tây Bắc,2,2,Đã có sổ,4700
Huyện Bình Chánh,54,,1,1,Đang chờ sổ,1750
Quận 7,130,,3,2,Đã có sổ,5000
Quận 9,90,,3,2,Giấy tờ khác,2100
Quận 7,66.66,Đông Nam,2,2,Đang chờ sổ,2360
Quận Phú Nhuận,75,,2,2,,4000
Quận Thủ Đức,57,,2,2,Đã có sổ,1900
Quận 7,62,,2,2,Đang chờ sổ,2350
Quận 2,101,Đông Nam,3,2,Giấy tờ khác,1800
Quận Thủ Đức,57,,2,2,,1200
Quận Bình Thạnh,83,,4,5,Đã có sổ,11000
Quận Bình Tân,63,Tây Bắc,2,2,Đang chờ sổ,1600
Quận 9,47,Tây Bắc,1,1,,1525
Huyện Nhà Bè,75,Bắc,2,2,,3250
Quận 6,15,Nam,1,1,Giấy tờ khác,1500
Huyện Bình Chánh,69,Đông Nam,2,2,Đang chờ sổ,2100
Quận Tân Phú,63,,2,1,Đang chờ sổ,2550
Quận Tân Phú,63,,2,1,,2450
Quận 2,71,,2,2,Đã có sổ,4700
Quận 9,72,Đông Bắc,2,2,Đang chờ sổ,2400
Quận Tân Phú,78,,2,2,,2740
Quận Thủ Đức,87,Đông Bắc,2,2,Đã có sổ,2450
Quận Thủ Đức,101,Tây Bắc,3,3,Đã có sổ,5600
Quận 8,64.68,,2,2,Đang chờ sổ,1373.1564
Quận Thủ Đức,60,Đông Nam,2,2,Đang chờ sổ,1980
Quận 2,106,,3,3,Đang chờ sổ,6900
Quận 9,64,Đông,2,2,,1200
Quận 8,68,,2,2,Đã có sổ,2800
Quận 7,65,,2,2,,3500
Quận Bình Tân,56,Đông,2,1,Đang chờ sổ,1800
Quận Bình Thạnh,50,,2,1,Giấy tờ khác,1100
Quận 8,77,Đông,2,1,Đã có sổ,1800
Quận 8,72,,2,2,,2300
Quận 9,1000,Đông Nam,2,2,Đã có sổ,4300
Quận Thủ Đức,61,Nam,2,2,Đang chờ sổ,1800
Quận Bình Tân,57,Bắc,2,1,Giấy tờ khác,2250
Quận Bình Tân,75.13,Bắc,2,2,Giấy tờ khác,2650
Huyện Nhà Bè,93,,3,2,Đang chờ sổ,1800
Quận 6,76,,2,2,,3150
Quận 10,42,,1,1,Giấy tờ khác,2300
Quận 2,100,,3,2,Đã có sổ,6800
Quận 9,60,Đông Nam,2,1,Giấy tờ khác,2400
Quận 7,320,,4,4,Đang chờ sổ,19000
Huyện Nhà Bè,70,,2,2,Đang chờ sổ,2900
Quận Tân Phú,71,,2,2,,3300
Quận 6,86,,2,2,Đã có sổ,3300
Quận 8,69,,2,2,,2600
Quận Gò Vấp,120,,8,5,Đã có sổ,170
Quận Tân Phú,102,Đông,3,2,Đã có sổ,3700.08008
Quận 2,32,,1,1,Đang chờ sổ,1750
Quận 4,90,,2,2,Đã có sổ,3150
Quận Bình Thạnh,68,Đông Bắc,2,2,Đang chờ sổ,3950
Quận 7,83.34,,2,2,Đã có sổ,6000
Quận 1,121,Tây Nam,3,2,Đang chờ sổ,18500
Quận 9,75,,3,2,Đã có sổ,2780
Huyện Nhà Bè,75,,2,2,,3100
Quận 12,57,Bắc,2,1,Đã có sổ,2470
Quận 8,60,Đông,2,2,Đang chờ sổ,1850
Quận 4,80,,2,2,Đã có sổ,3450
Quận Tân Bình,37,Đông,2,1,Đã có sổ,1062
Quận 4,117,Tây Nam,3,2,Đang chờ sổ,6000
Quận 7,59,,1,1,Đã có sổ,2950
Quận 10,90,,1,1,Giấy tờ khác,3650
Quận 12,70,Đông,2,2,Đang chờ sổ,2400
Quận 9,59,Đông Nam,2,1,Đã có sổ,580
Quận 7,68.86,Đông,2,2,Đã có sổ,2620
Quận Tân Phú,77.2,,2,2,Đang chờ sổ,2680
Quận 7,99,,3,2,,5250
Quận 3,35,,1,1,Giấy tờ khác,1500
Quận 9,59,Tây Nam,2,2,Đang chờ sổ,1962
Huyện Nhà Bè,62,,2,1,Đã có sổ,1900
Quận 8,68,,2,2,,2400
Quận 2,60,Đông Nam,2,2,Giấy tờ khác,1850
Quận 8,35,,1,1,Đang chờ sổ,1500
Quận Tân Phú,47.1,Tây,1,1,Đang chờ sổ,1500
Quận 2,67,Đông Nam,2,2,Giấy tờ khác,2250
Quận Bình Tân,60,,2,2,Đã có sổ,2200
Quận 4,40,,1,1,Đang chờ sổ,3100
Quận 12,65,Tây,2,2,Đã có sổ,2500
Quận 4,95,Đông Bắc,3,2,Đang chờ sổ,6200
Quận 4,115,,3,2,Đang chờ sổ,7200
Quận 4,115,Đông Bắc,3,2,Đang chờ sổ,7200
Quận 4,74,Đông Bắc,2,2,Đang chờ sổ,5000
Quận 4,115,Đông Bắc,3,2,Đang chờ sổ,6900
Quận 4,75,,2,2,Đang chờ sổ,5000
Quận 4,80,,2,,Giấy tờ khác,5100
Quận 7,63,,2,1,Đang chờ sổ,2000
Quận Thủ Đức,68,,2,2,,2600
Quận 7,45,,1,1,Đã có sổ,1600
Quận 8,92,Đông Nam,3,2,Đang chờ sổ,4700
Quận 7,105,,3,2,,4900
Quận Tân Phú,92,,3,2,,3630
Quận Tân Phú,84,Tây Nam,2,2,Đang chờ sổ,4400
Quận Bình Thạnh,70,Tây Nam,2,2,Đã có sổ,3300
Quận Thủ Đức,37,Tây Nam,1,1,Đã có sổ,1200
Quận Bình Tân,75,,2,2,Đang chờ sổ,2780
Quận Tân Phú,73,Tây Bắc,2,1,Đã có sổ,2450
Quận Thủ Đức,39,Đông Nam,1,1,Đã có sổ,1150
Quận Thủ Đức,52,Đông Nam,2,2,Đã có sổ,1570
Quận 2,153,,4,3,Đã có sổ,3850
Quận Thủ Đức,39,Nam,1,1,Đã có sổ,1100
Quận Phú Nhuận,71,Đông Bắc,2,2,Đã có sổ,4950
Huyện Nhà Bè,236,,6,4,Đã có sổ,4400
Huyện Bình Chánh,50,,2,2,Giấy tờ khác,1380
Quận Thủ Đức,71.84,,2,2,Đang chờ sổ,3300
Quận Tân Bình,129,Nam,3,2,Đã có sổ,6666.666
Quận 9,45.6,,1,1,Đang chờ sổ,2800
Quận 7,66,,2,2,Đã có sổ,2500
Huyện Nhà Bè,72,,2,2,,3300
Quận 7,161,,3,4,,2300
Quận 9,70,Đông,2,2,Đang chờ sổ,2200
Quận 2,75,,2,2,,3750
Quận 12,68,,2,2,Đang chờ sổ,1550
Quận Tân Phú,55,,2,1,Đang chờ sổ,1900
Quận 1,118,,3,2,,18000
Quận 1,78,,2,2,Đang chờ sổ,9500
Quận Tân Phú,71,,2,2,,3300
Quận 7,62,,2,2,Đang chờ sổ,2100
Quận 9,59,,2,1,Đang chờ sổ,1900
Quận Tân Phú,84,,2,2,,4000
Quận 8,66,,2,1,Đang chờ sổ,2900
Quận 8,46,,1,1,Đã có sổ,1100
Quận 9,30,,1,1,Đã có sổ,1300
Quận Tân Bình,30,,1,1,,861
Quận Thủ Đức,61,,2,2,Đang chờ sổ,1100
Quận Bình Thạnh,80,,2,2,Giấy tờ khác,4200
Quận 9,90,,3,2,,2900
Quận 9,59,,2,1,Đang chờ sổ,2250
Quận 8,56,,2,2,Đã có sổ,1500
Huyện Nhà Bè,99,Đông Nam,2,2,Đã có sổ,2100
Quận Bình Tân,75,,2,2,,2500
Quận 6,64.6,Đông Nam,2,1,,1930
Quận 2,45,Đông Nam,1,1,Đang chờ sổ,1950
Huyện Nhà Bè,75,,2,2,Đã có sổ,1750
Quận 9,30,,1,1,Đang chờ sổ,1300
Quận 7,54,Đông Nam,1,1,Đã có sổ,2100
Quận Phú Nhuận,85,,3,2,,5900
Quận 8,56,,2,2,Đang chờ sổ,1400
Quận Bình Thạnh,154,,4,3,,13900
Quận 12,87,Bắc,3,2,Đang chờ sổ,930
Quận 9,47,,1,1,Đã có sổ,400
Quận 8,88,,2,2,Đã có sổ,2850
Quận 8,73,,2,2,Đang chờ sổ,2130
Quận 8,78,,2,2,Đang chờ sổ,2540
Quận 9,59,Tây,2,1,Đã có sổ,1920
Quận 8,62,Tây Bắc,2,2,Đang chờ sổ,2030
Quận 2,60,Đông Nam,2,2,Đang chờ sổ,2295
Quận 9,46.5,Tây Nam,2,1,Đang chờ sổ,1750
Quận 9,54,,1,1,Đang chờ sổ,3500
Quận 12,60,,2,2,,1900
Quận 2,56,Tây,2,2,Đang chờ sổ,3500
Quận 10,50.12,,1,1,Đang chờ sổ,3900
Quận 8,56,,2,2,Đã có sổ,1500
Quận Phú Nhuận,105.1,,3,2,,5800
Quận 2,62,Đông Bắc,2,2,Đã có sổ,2150
Quận 9,69,,2,2,Đang chờ sổ,1780
Quận Phú Nhuận,98,,3,2,,6000
Quận 9,47,Đông Nam,1,1,Đang chờ sổ,1590
Quận 7,66,,2,2,,2100
Quận 2,47,,1,,,2350
Quận 8,87,Đông Nam,3,2,Đang chờ sổ,4300
Quận 2,47,,1,,,2350
Quận 8,87,Đông Nam,3,2,Đang chờ sổ,4300
Quận Tân Phú,80,,3,2,Đang chờ sổ,3050
Quận Phú Nhuận,78,,2,2,,4850
Quận 7,32.4,,1,1,Giấy tờ khác,1650
Quận 2,51,,1,,,2400
Quận Tân Phú,105,Tây,3,2,Đang chờ sổ,3900
Quận Phú Nhuận,317,,7,6,Đã có sổ,16000
Quận Gò Vấp,94,Tây Bắc,4,2,Đang chờ sổ,5500
Quận 12,78,Đông,2,2,Đã có sổ,2600
Huyện Bình Chánh,64,,2,2,Giấy tờ khác,1950
Huyện Bình Chánh,56,Đông,2,1,Đã có sổ,2270
Quận Tân Phú,65,Đông,2,1,Đang chờ sổ,2500
Quận 10,73,,2,2,Đang chờ sổ,5200
Quận 2,50,,1,1,Đã có sổ,3270
Quận 2,56,,1,1,Đang chờ sổ,3300
Quận Bình Tân,68,,2,2,Giấy tờ khác,1900
Quận Bình Thạnh,109,,3,2,,14700
Quận Bình Thạnh,154,,4,3,,14000
Quận 9,69,Đông Nam,2,2,Đang chờ sổ,2016
Huyện Bình Chánh,90,,2,2,Đang chờ sổ,3900
Quận Bình Thạnh,68,Tây Bắc,2,1,Giấy tờ khác,2800
Quận 7,38,,1,1,,1790
Quận 8,63,Tây Nam,2,2,Đang chờ sổ,2050
Huyện Bình Chánh,100,Đông,1,1,Đang chờ sổ,1950
Quận 9,65.7,Bắc,2,2,,2100
Quận 12,470,,2,2,Đã có sổ,6200
Quận 9,69,,3,2,,1752.293
Quận 12,50,Tây Nam,1,1,Đã có sổ,2600
Quận 2,120.8,,3,2,Đã có sổ,6200
Quận 2,75,,2,,,3900
Quận 12,117,,3,2,Đã có sổ,2300
Quận 9,60,,2,2,,3300
Quận 12,42,,2,1,Đang chờ sổ,960
Quận 9,59,,2,1,Đang chờ sổ,2350
Quận 7,60,,2,1,,2499
Quận 7,134,,3,2,Đã có sổ,6200
Huyện Nhà Bè,101,Tây Nam,2,2,Đã có sổ,2300
Quận 2,60,,1,1,Đang chờ sổ,6000
Quận Tân Phú,64,Đông Nam,2,2,Đang chờ sổ,2350
Quận 7,125,,3,2,Đã có sổ,6500
Quận 8,52,Tây Bắc,2,1,Đang chờ sổ,2100
Quận 7,71,,2,2,Đã có sổ,2650.00008
Quận 9,60,Đông Bắc,2,1,Đang chờ sổ,1999.999
Quận 8,92,Đông Nam,3,2,Giấy tờ khác,2590
Quận 9,50.07,Tây Bắc,1,1,Giấy tờ khác,3225
Quận 2,55,,3,3,Đang chờ sổ,2900
Huyện Bình Chánh,110,,3,3,Đang chờ sổ,3900
Quận 10,87,,2,2,,7000
Quận Tân Phú,70,,2,2,Đã có sổ,2850
Quận 8,52,Nam,1,1,Giấy tờ khác,1880
Quận Thủ Đức,89,Đông,3,2,,2400
Quận Bình Thạnh,78,Tây Bắc,2,2,,4300
Quận Tân Bình,74,,2,2,Đã có sổ,3300
Quận Thủ Đức,65,,2,2,Đang chờ sổ,2900
Quận 9,115,Tây,3,3,Giấy tờ khác,3710
Quận 10,105,,3,3,Đang chờ sổ,6550
Quận Tân Bình,36,,1,1,Đang chờ sổ,2050
Quận 8,51,Tây,2,1,,1700
Quận Tân Phú,71,Đông Bắc,2,2,Đã có sổ,3200
Quận 10,35,Bắc,1,1,Giấy tờ khác,1450
Quận Bình Thạnh,89,,2,2,Đang chờ sổ,7688
Quận 10,72,,2,2,Đang chờ sổ,5000
Quận 8,78,,2,2,Đang chờ sổ,2600
Quận 9,47,,1,1,Đang chờ sổ,510
Quận Tân Phú,120,,3,3,,5500
Quận 9,108,Tây Nam,4,3,Giấy tờ khác,5052.156
Quận 7,140,Bắc,4,2,Đã có sổ,3650
Quận 7,825,,,,Đã có sổ,150000
Quận Thủ Đức,77.6,Tây Nam,2,2,Giấy tờ khác,4750
Quận 9,31,Tây Bắc,1,1,Đang chờ sổ,850
Quận 6,67,,2,1,Đã có sổ,2300
Quận Tân Phú,65.2,,2,2,Đang chờ sổ,2730
Quận Tân Phú,52,,2,1,Đã có sổ,1700
Quận 7,54,,1,1,Đã có sổ,1920
Quận 7,68,Bắc,2,2,Đã có sổ,2100
Quận 8,68,Đông Bắc,2,2,Đã có sổ,2800
Quận 9,69,Tây Nam,2,2,Đang chờ sổ,2435
Quận Bình Thạnh,59.1,,1,1,,1271
Quận 8,90,,3,2,,2650
Quận 2,101,,3,2,Giấy tờ khác,5400
Quận 12,58,Bắc,2,2,Đã có sổ,1600
Quận 2,93,,3,2,Đã có sổ,6250
Quận Tân Phú,65.3,,2,2,Đang chờ sổ,2750
Quận 2,101,Đông Nam,3,2,Đang chờ sổ,5974
Quận 7,106,,3,2,Đã có sổ,3900
Quận 7,256,,5,4,Đã có sổ,20000
Quận 9,31,,1,1,Đang chờ sổ,1270
Quận 4,65,,2,2,,4500
Quận 6,62,Bắc,1,,Đang chờ sổ,2800
Quận 2,76,,2,2,Đang chờ sổ,3850
Quận 7,74,,2,2,Đang chờ sổ,2900
Quận 9,74,,2,2,,3700
Quận 9,68,,2,2,Giấy tờ khác,2650
Quận 12,57,,2,1,Đang chờ sổ,1940
Quận 9,81.5,,3,2,,3187
Quận 9,60,,2,2,Đang chờ sổ,1600
Quận Thủ Đức,69,,2,2,,2500
Quận 10,61,,2,1,,4650
Quận 9,67,,2,2,,2350
Quận 7,72,Tây Nam,2,2,Đang chờ sổ,4150
Quận 4,117,,3,2,Đang chờ sổ,6500
Quận Thủ Đức,68,,2,2,Đang chờ sổ,260
Quận 7,65,,2,2,Đang chờ sổ,2100
Quận 7,85,,3,2,Đã có sổ,2900
Quận Tân Phú,66,,2,1,Đang chờ sổ,2900
Quận 1,50,Đông,1,,Đã có sổ,1390
Quận 12,80,,3,2,Đang chờ sổ,2650
Quận 12,54,,2,1,Đã có sổ,2200
Quận Bình Thạnh,88,Nam,2,2,Đã có sổ,6700
Quận 9,69.2,,2,2,,2600
Quận Tân Phú,52,,2,2,Đã có sổ,1700
Quận 7,53.2,,1,1,Đang chờ sổ,980
Quận 7,88,,3,2,Đã có sổ,3200
Quận Tân Bình,70,,2,2,,4200
Quận 8,72.5,,2,2,Đang chờ sổ,2300
Quận Bình Tân,56,Đông,2,2,Đang chờ sổ,3250
Quận 6,102,Đông,2,2,Đã có sổ,3700
Quận Tân Phú,48,,2,2,Đã có sổ,3100
Quận 8,73,,2,2,,2300
Quận Thủ Đức,70,,2,2,Đang chờ sổ,3350
Quận 8,89,,2,2,Đang chờ sổ,3100
Quận 12,60,Nam,2,1,Giấy tờ khác,1800
Quận Tân Phú,86,Nam,3,2,Đang chờ sổ,3080
Quận 12,83.37,,2,2,Đã có sổ,1900
Huyện Bình Chánh,59,,2,1,Đã có sổ,1900
Huyện Nhà Bè,75,,2,2,Đã có sổ,1650
Quận 9,68,Đông Bắc,2,2,,2300
Quận 7,58,,2,1,Đã có sổ,2250
Quận 6,75,Tây,2,2,Đã có sổ,2600
Quận 7,73,,2,1,Đang chờ sổ,2450
Quận 2,74,Tây,2,2,Đang chờ sổ,1992
Quận Thủ Đức,37,Đông,1,1,Đã có sổ,1100
Quận Thủ Đức,86,Đông Nam,2,2,Đang chờ sổ,3200
Quận 2,51.18,,1,2,Đang chờ sổ,4150
Quận Bình Tân,75,,2,2,,2508
Quận Tân Phú,64,,2,1,Đang chờ sổ,2450
Quận 9,73,,2,2,Đang chờ sổ,480
Quận 9,67,,2,2,Đang chờ sổ,1659
Quận Bình Thạnh,38,,1,,Đang chờ sổ,2050
Quận Tân Phú,91,Tây,3,2,Đang chờ sổ,3800
Quận Bình Thạnh,68,Tây,2,2,Đã có sổ,3100
Quận 8,26,Đông Bắc,1,1,Đang chờ sổ,1290
Quận 9,75,,2,2,Đang chờ sổ,1320
Huyện Nhà Bè,75,,2,2,Đã có sổ,1820
Huyện Bình Chánh,70,,2,2,Đã có sổ,1680
Quận Tân Bình,70,,2,2,,4200
Quận 8,52,,2,1,,1300
Quận Thủ Đức,52,,2,2,Đã có sổ,1500
Huyện Nhà Bè,100,,2,2,,2250
Quận Bình Tân,60,,2,1,,1468
Quận Bình Tân,50,,2,1,Đã có sổ,1335
Quận 6,65,Tây,2,2,Đã có sổ,2299
Quận Tân Phú,44,,1,1,Đã có sổ,1450
Quận 7,99,,3,2,,4500
Quận 2,73,,3,2,Đã có sổ,2200
Quận Bình Tân,56,,2,1,Đang chờ sổ,2300
Quận 10,70,,2,2,Đang chờ sổ,4500
Quận Tân Phú,63,,2,1,,2400
Quận 7,53,Tây,1,1,Đang chờ sổ,2220
Quận Bình Thạnh,81,Tây,3,2,,3100
Quận 2,60,,2,2,Giấy tờ khác,3200
Quận Tân Phú,85.5,Đông Nam,2,2,Giấy tờ khác,5182
Quận Tân Phú,50,,1,1,,2000
Quận Thủ Đức,67,Tây,2,2,Giấy tờ khác,2970
Quận Bình Thạnh,68,,2,2,,3000
Quận 7,56.51,,2,1,Đã có sổ,2250
Quận 2,200,,4,3,Đã có sổ,8500
Quận 9,58,,2,2,,1400
Quận 8,64,Tây Bắc,2,2,Đang chờ sổ,1700
Quận 7,37,,1,1,,1700
Quận 8,55.3,Tây,1,1,,1650
Quận 9,39.4,Tây Bắc,1,1,Giấy tờ khác,1750
Quận 2,60,Đông Nam,2,1,Đang chờ sổ,1650
Quận 7,62,,2,2,Đang chờ sổ,2200
Quận 8,69,Đông Bắc,2,2,Đang chờ sổ,2300
Quận Tân Phú,120,Tây Bắc,2,2,Giấy tờ khác,7500
Quận Tân Phú,204.2,Tây Bắc,3,2,Đang chờ sổ,11200
Quận 7,38,,1,1,,1700
Quận 9,67,Đông Nam,2,2,Đã có sổ,2900
Quận Tân Phú,77,Bắc,2,2,Đang chờ sổ,2850
Quận 9,59,,2,1,,1460
Quận 10,45,Nam,1,1,Giấy tờ khác,2300
Quận 2,50,,1,1,Đã có sổ,3700
Quận 7,161,Tây,3,4,Đang chờ sổ,2550
Quận 9,49,Tây,2,1,Đã có sổ,1680
Quận Tân Phú,74,,2,2,Đã có sổ,2350
Quận Bình Tân,70,,2,2,Đã có sổ,2700
Quận 9,67,Bắc,2,2,Đang chờ sổ,2650
Quận 8,73,Tây Bắc,2,2,Đang chờ sổ,2390
Quận Tân Phú,54,,2,1,,2540
Quận 9,69,Đông Nam,2,2,Đang chờ sổ,2550
Quận Tân Phú,98,,1,1,Giấy tờ khác,8200
Quận Tân Phú,53,Tây Bắc,2,1,Giấy tờ khác,2280
Quận 2,80,Đông Nam,2,3,Đã có sổ,2200
Quận Bình Tân,75,,2,2,,2460
Quận Thủ Đức,50,Đông Nam,2,1,Đã có sổ,1850
Quận Thủ Đức,86,Đông,3,2,Đang chờ sổ,3850
Quận 9,65,,2,1,Đang chờ sổ,1680
Quận 5,66,,2,1,Đã có sổ,1850
Quận 11,86,,3,2,Đã có sổ,5000
Quận Thủ Đức,60,,2,2,Đang chờ sổ,1700
Quận Tân Phú,54,,2,1,,2470
Quận 7,80,,2,2,Đã có sổ,2500
Quận 8,78.88,,2,2,Đang chờ sổ,2479
Quận 7,128,,3,2,Đã có sổ,10480
Quận 7,38,Tây,1,1,Giấy tờ khác,450
Quận Bình Thạnh,68,Tây Bắc,2,1,Đã có sổ,2750
Quận Tân Phú,55,Đông,2,1,Đang chờ sổ,2000
Quận 2,73,,2,2,Đã có sổ,4777.777
Quận Bình Tân,68,,2,2,Đang chờ sổ,2420
Quận Bình Thạnh,151,Đông,4,3,Đang chờ sổ,17000
Huyện Nhà Bè,60,,2,2,Đang chờ sổ,3000
Quận 4,57,Đông Bắc,2,1,Đang chờ sổ,3980
Quận 2,73.2,Tây Bắc,2,2,Đang chờ sổ,7500
Quận 8,68,,2,2,Đã có sổ,2900
Quận 1,52,,1,1,Đã có sổ,3750
Quận 2,101,Đông Nam,3,2,,6310
Quận 4,30,Tây,1,1,Đã có sổ,2800
Quận 1,66,Đông Nam,2,2,Đang chờ sổ,18000
Quận 7,40,Nam,1,1,Đang chờ sổ,1800
Quận Tân Phú,91,,3,2,,3700
Huyện Nhà Bè,83,,3,2,Đang chờ sổ,3400
Quận 7,76,,2,2,Giấy tờ khác,2500
Quận Phú Nhuận,84,Đông Nam,5,3,Đã có sổ,21000
Quận 3,82,,2,2,Đã có sổ,5300
Huyện Bình Chánh,,,2,2,Đang chờ sổ,1950
Quận 10,86,Đông Nam,2,2,Đang chờ sổ,6300
Quận Thủ Đức,67,,2,2,,2750
Quận 9,58,,2,1,Đã có sổ,1500
Quận 3,141,,,,Đã có sổ,45000
Quận 8,54,Đông Nam,2,1,Giấy tờ khác,1800
Quận 9,58,,2,2,,1400
Quận 7,93,Đông Bắc,3,2,Giấy tờ khác,3050
Quận Thủ Đức,87,,3,2,,3500
Quận Thủ Đức,58,Đông Nam,2,2,Giấy tờ khác,1100
Huyện Bình Chánh,63,,2,1,,1380
Quận 2,71.7,,2,2,Đang chờ sổ,7000
Quận 8,85.86,Nam,3,2,Đang chờ sổ,2795
Quận 8,72,Tây Bắc,2,2,Đang chờ sổ,2300
Huyện Nhà Bè,65,,2,2,Giấy tờ khác,3130
Quận Thủ Đức,84,,2,2,Đã có sổ,2330
Huyện Bình Chánh,115,Đông Nam,3,2,Đã có sổ,3450
Quận 1,16,Đông,1,,Đã có sổ,38000
Quận Tân Phú,53,,2,1,,2600
Quận 2,80,,2,2,Đang chờ sổ,5500
Quận 7,80,Bắc,2,2,Đã có sổ,2500
Quận 12,57,,2,1,Đang chờ sổ,2200
Quận Bình Thạnh,65,,2,2,Đã có sổ,2600
Quận Tân Bình,35,,1,,,2300
Quận Tân Phú,75,,2,2,Đã có sổ,2180
Quận Thủ Đức,47,,2,1,Đã có sổ,1100
Quận 4,115,Đông Bắc,3,2,Đang chờ sổ,6900
Quận 7,140,,1,1,Giấy tờ khác,8300
Quận 9,55,,1,1,Đã có sổ,1700
Huyện Bình Chánh,59,,2,2,Đã có sổ,2000
Huyện Bình Chánh,80,,2,2,,3424
Quận 2,101,,3,2,Đang chờ sổ,5352
Quận 9,59.4,,2,1,Đang chờ sổ,1996
Quận 2,51,Đông Bắc,1,1,Đã có sổ,2450
Quận 7,50,,2,2,Giấy tờ khác,1360
Quận Phú Nhuận,36,Đông Nam,1,1,Giấy tờ khác,1850
Quận 2,82,,2,2,Đã có sổ,2200
Huyện Bình Chánh,65,,2,2,Đang chờ sổ,2250
Quận 7,70,,2,2,Đang chờ sổ,3100
Quận Bình Thạnh,150,,4,3,Đang chờ sổ,9500
Quận 7,75,,2,2,,2850
Quận 12,65,Tây Bắc,2,2,Đã có sổ,2380
Quận 9,47,,2,1,Đang chờ sổ,1271
Quận 9,59,,2,1,,1399
Huyện Nhà Bè,72,Đông Bắc,2,2,Đã có sổ,1790
Quận Bình Tân,48,Đông Nam,1,1,Đang chờ sổ,1490
Quận Thủ Đức,63.18,,2,2,,1830
Quận 8,69,Đông,2,2,Đang chờ sổ,2300
Quận Bình Tân,67,,2,2,,1885
Quận Thủ Đức,51,,2,1,Đã có sổ,1750
Quận 12,79.12,Nam,3,2,Giấy tờ khác,3450
Quận 9,66,,3,2,Đang chờ sổ,1780
Quận Phú Nhuận,53,,1,1,Đang chờ sổ,3000
Quận 9,69,,2,2,Đang chờ sổ,2360
Quận 9,30,Tây Nam,1,1,,1240
Quận 9,68,Đông Nam,2,2,,2750
Quận Thủ Đức,50,Bắc,2,1,,1300
Quận Tân Phú,47,,1,1,Đang chờ sổ,1250
Quận 9,81,,3,2,Đang chờ sổ,2030
Quận 9,69,,2,2,Đang chờ sổ,2450
Quận Gò Vấp,69.3,,2,2,,4000
Quận Bình Tân,48,,1,1,Đã có sổ,950
Quận 7,77,,2,2,Đã có sổ,5200
Quận 5,79,,2,2,Đã có sổ,2740
Quận Bình Thạnh,54,Nam,2,1,Đã có sổ,2750
Quận 12,57,,2,1,Đang chờ sổ,600
Quận 9,58,,2,2,,1400
Quận Tân Phú,50,Đông Nam,2,1,Đã có sổ,2350
Quận Thủ Đức,70,Tây Nam,2,2,Đang chờ sổ,2150
Quận 2,59,Đông,2,2,Đang chờ sổ,1900
Huyện Bình Chánh,59,,2,2,Đang chờ sổ,2300
Huyện Bình Chánh,72,Nam,2,2,Đã có sổ,1700
Huyện Nhà Bè,97,Đông,2,2,Đã có sổ,2350
Quận Thủ Đức,55.62,Đông Bắc,2,1,Giấy tờ khác,1800
Quận Bình Tân,37,,1,1,Giấy tờ khác,760
Quận Thủ Đức,57,Đông Nam,2,2,,1650
Quận 9,47,,1,1,,1700
Quận Tân Phú,65,,2,2,,2700
Quận 2,32,Tây Nam,1,1,Đã có sổ,1550
Quận 6,65,,2,2,Đã có sổ,2000
Quận 7,67,,2,2,Đang chờ sổ,1500
Quận 7,89,,3,2,Đang chờ sổ,2650
Quận Gò Vấp,124,,2,,,3500
Quận 10,53,,1,1,Đã có sổ,3500
Quận 2,76,Tây Bắc,2,2,,4000
Quận 9,108,,2,2,Đang chờ sổ,4100
Quận 8,70,,2,1,,3300
Quận 9,59,Tây Nam,2,1,Đang chờ sổ,2200
Quận Tân Phú,94,Nam,3,2,Đã có sổ,2650
Quận 6,65,Nam,2,2,Đang chờ sổ,2350
Quận 8,150,,3,3,Đã có sổ,4000
Quận Bình Thạnh,100,,3,2,Giấy tờ khác,7000
Quận 10,41,Nam,2,1,Đã có sổ,3500
Quận 2,64,Đông Bắc,1,1,Đã có sổ,7500
Quận Bình Thạnh,87,,2,2,Đã có sổ,3500
Quận Tân Phú,48,Đông Nam,2,1,Đã có sổ,1550
Quận 7,14,Tây,1,2,Đã có sổ,1750
Quận Thủ Đức,60,,2,2,Đang chờ sổ,260
Quận 10,219,,3,4,,13500
Quận 9,62,Đông Nam,2,2,Đã có sổ,2750
Quận Bình Thạnh,64,Đông Nam,3,1,,2300
Quận 2,75,,2,2,,3999.999
Quận 2,120,,3,2,Đã có sổ,4000
Quận Bình Thạnh,67,Tây Bắc,2,2,Đang chờ sổ,3480
Quận Bình Thạnh,55,Tây,1,1,Đã có sổ,2350
Quận Tân Phú,52,Đông Nam,2,1,Đã có sổ,1280
Quận 2,51,Đông Bắc,1,1,Đã có sổ,2550
Quận 4,65,,2,2,Đang chờ sổ,4400
Quận Bình Thạnh,81,Đông Nam,2,2,Đã có sổ,5600
Quận 9,69,,2,2,Đang chờ sổ,2450
Quận 12,81,,3,2,Giấy tờ khác,2439
Quận 4,32.5,,1,1,Đang chờ sổ,2100
Quận 12,57.64,,2,1,Giấy tờ khác,2300
Quận 12,79.7,Tây,3,2,Giấy tờ khác,2830
Quận 9,59,Tây Nam,2,1,,1300
Quận Thủ Đức,62,,2,2,,1820
Quận 7,147,,3,2,Đang chờ sổ,8300
Quận 6,50,,1,1,Giấy tờ khác,3600
Quận 7,60,,2,2,,2750
Quận Thủ Đức,38.1,Tây Bắc,1,1,Đã có sổ,1275
Quận 7,65,,2,2,Đã có sổ,3600
Quận Thủ Đức,65,Đông Nam,4,3,Đã có sổ,1300
Quận Bình Thạnh,79,Đông Bắc,2,2,Đã có sổ,5800
Quận 8,115,,2,2,Đã có sổ,3400
Quận 8,87,,3,2,Đang chờ sổ,4300
Quận 8,51,,1,1,Đang chờ sổ,2400
Quận Thủ Đức,47,Đông Nam,2,2,Giấy tờ khác,1100
Quận 8,82,,2,2,Đang chờ sổ,2550
Quận 8,115,Tây,2,2,Đã có sổ,3200
Quận 1,90,,3,2,Đã có sổ,4260
Quận Tân Phú,65,,2,2,,2800
Quận 2,56,,1,1,,2450
Quận 8,68,,2,2,,2200
Quận 9,59,Tây,2,1,Đang chờ sổ,2150
Quận Bình Tân,75,,2,2,Đang chờ sổ,2500
Quận 9,62.38,,2,2,Giấy tờ khác,1430
Quận 2,68,,2,2,Đã có sổ,4150
Quận 8,50,,2,2,Đã có sổ,1500
Quận 4,55,Tây Nam,1,1,Đang chờ sổ,3300
Quận 12,58,Đông Nam,2,2,Đã có sổ,1650
Quận Tân Phú,60,Đông,2,1,Đang chờ sổ,3700
Quận 8,73,Đông,2,2,,1980
Quận 2,105,,3,2,Đang chờ sổ,5300
Huyện Bình Chánh,54,,2,,Giấy tờ khác,1838
Quận Thủ Đức,37,Tây Bắc,1,1,Đã có sổ,1290
Huyện Nhà Bè,129,,3,2,Đã có sổ,2900
Quận Bình Tân,75,,2,2,,2500
Quận Bình Tân,56,,2,,Đang chờ sổ,2000
Quận 4,115,Đông Bắc,3,2,Đang chờ sổ,7200
Quận 8,96,,2,2,Đã có sổ,1800
Quận 2,76,Tây Bắc,2,2,Đang chờ sổ,4200
Quận 8,72,,2,2,Đang chờ sổ,1600
Quận 4,37,,1,1,Giấy tờ khác,2600
Quận 9,58,,2,2,,1400
Quận Gò Vấp,74,,2,2,Đang chờ sổ,3500
Quận 1,56,Nam,2,1,Đã có sổ,2600
Quận Tân Phú,66,Đông,2,1,Đã có sổ,2330
Quận Bình Thạnh,95,Đông Nam,2,2,Đã có sổ,4500
Quận Gò Vấp,93,,3,3,Đã có sổ,3300
Quận 1,41,,1,,Giấy tờ khác,15000
Quận 9,59,Đông Nam,2,1,Đang chờ sổ,2010
Quận Phú Nhuận,52,Tây Nam,2,1,Đã có sổ,2400
Quận 9,67,,2,2,,2900
Quận 12,70,,2,2,,2050
Quận Bình Thạnh,70,Tây Bắc,2,2,Đã có sổ,1750
Quận Tân Phú,90,,3,2,Đã có sổ,2450
Quận Bình Tân,63,,2,2,,1950
Quận 8,92,,3,2,Đã có sổ,2890
Quận 9,66,,2,2,,2200
Quận Tân Phú,80,,3,2,Đang chờ sổ,3150
Quận 2,98,,2,2,Đang chờ sổ,12000
Quận 7,69,,2,2,Đã có sổ,2150
Quận Thủ Đức,40,,1,1,,1200
Quận 7,76,,2,2,Đang chờ sổ,2600
Quận Thủ Đức,51,,2,2,Đã có sổ,1500
Quận Phú Nhuận,72.5,,2,2,,4400
Huyện Bình Chánh,50,Tây,1,1,,1700
Quận Gò Vấp,50,,2,2,Đang chờ sổ,200
Quận 8,87,Tây,2,1,Đã có sổ,2950
Quận 7,106.9,Nam,3,2,Đã có sổ,4885
Quận 8,72,,2,2,Đã có sổ,1300
Quận Bình Thạnh,150,,4,3,Đã có sổ,10000
Quận 2,75,,2,2,,4750
Quận 2,100,,3,2,Đã có sổ,450
Quận 10,54,,2,1,Đã có sổ,2400
Quận 9,116,Đông Nam,3,2,Đang chờ sổ,4350
Quận Thủ Đức,75,,2,2,,4500
Quận Thủ Đức,56,,2,2,Đã có sổ,2800
Quận Tân Phú,66,Tây Bắc,2,1,Đang chờ sổ,2520
Quận 2,74.73,,2,2,Đang chờ sổ,4800
Quận 7,77,,3,3,Đã có sổ,2590
Quận 12,61,,2,2,Đã có sổ,1895
Quận 4,75,Đông,2,2,Đã có sổ,3100
Quận 2,89,,3,2,,4500
Huyện Bình Chánh,68,,2,1,Đang chờ sổ,2500
Quận Bình Thạnh,83.6,,2,2,,5500
Quận 7,58,,1,1,Đã có sổ,1750
Quận 8,60,,2,2,Đang chờ sổ,2200
Quận Gò Vấp,45,,1,1,,950
Quận Thủ Đức,62,Đông,2,2,Đang chờ sổ,1735
Quận 10,45,,1,2,Đang chờ sổ,2200
Quận 9,47,,2,1,Đang chờ sổ,1271
Quận 2,57,,1,1,Đang chờ sổ,4275
Quận Thủ Đức,55.88,,2,2,,1350
Quận 6,67,,2,2,Đã có sổ,4000
Quận 2,57,Đông Nam,1,1,Đang chờ sổ,3200
Quận Thủ Đức,74,,2,2,,2650
Quận Phú Nhuận,83,,3,2,,4900
Quận Phú Nhuận,84,,3,2,Đang chờ sổ,5180
Quận Gò Vấp,53,Đông Nam,2,1,Đang chờ sổ,2150
Quận 2,67,,2,2,Giấy tờ khác,4891
Quận Tân Phú,70,,2,2,Đang chờ sổ,2200
Quận 10,164,,4,3,,15000
Quận Bình Tân,50,,1,1,Đã có sổ,1400
Quận 8,49,,1,1,,2300
Quận Bình Tân,85,,3,3,Đã có sổ,2500
Quận 2,300,,3,3,Đang chờ sổ,16000
Quận 12,57,,2,1,Giấy tờ khác,2100
Quận 2,100,Đông Nam,3,2,Đang chờ sổ,4800
Quận Tân Phú,58,,2,1,Đã có sổ,1500
Quận Tân Phú,73,,2,2,Đã có sổ,2360
Quận Tân Phú,69,,2,2,Đang chờ sổ,2800
Huyện Bình Chánh,59,Đông Bắc,2,2,Giấy tờ khác,1900
Quận 12,57,Nam,2,1,Giấy tờ khác,650
Quận 12,65,,2,1,Giấy tờ khác,1100
Quận Thủ Đức,60,,2,2,Đang chờ sổ,260
Quận 2,64,Đông Nam,2,2,Đã có sổ,4120
Quận 8,64,Nam,2,2,Đang chờ sổ,1780
Quận 2,65,,2,2,Đã có sổ,1900
Quận 7,75,,2,2,,2800
Quận Tân Phú,66,,2,2,,2800
Quận 9,59,Tây,2,1,Đang chờ sổ,2100
Quận 2,32,,1,1,Đang chờ sổ,390
Quận 2,46.43,,1,1,Đang chờ sổ,3300
Quận 7,120,,3,2,Đã có sổ,5200
Quận 8,65,Bắc,2,1,Đang chờ sổ,1830
Quận 7,55,,1,1,Đã có sổ,2700
Quận Phú Nhuận,86,,3,2,,5500
Huyện Bình Chánh,45,Nam,2,2,Đã có sổ,380
Quận Tân Phú,64,,2,2,,2730
Quận Thủ Đức,55.52,Tây Bắc,2,2,Đã có sổ,1950
Quận 7,320,,4,,,18000
Quận 2,76,Tây Bắc,2,2,Đã có sổ,4260
Quận 8,60,,2,2,Đang chờ sổ,2210
Quận Bình Tân,57,,2,2,Đang chờ sổ,1420
Quận 7,66.66,,2,2,Đang chờ sổ,2300
Quận Bình Thạnh,101,,2,2,Đã có sổ,1850
Quận Tân Phú,78,,2,2,Đã có sổ,2700
Quận 9,59,Tây Nam,2,1,Đang chờ sổ,2200
Quận Bình Tân,50,Nam,1,1,Đã có sổ,1430
Quận Tân Phú,61,Đông Bắc,2,1,Đã có sổ,1880
Quận 7,70.12,,2,2,Đã có sổ,2590
Quận Thủ Đức,128,Đông Nam,2,2,Đã có sổ,4200
Quận Bình Tân,34,,1,1,,540
Quận Tân Phú,160,Tây Bắc,2,2,Giấy tờ khác,8800
Quận 2,65,,2,2,Đang chờ sổ,2150
Quận 8,73,,2,2,Đang chờ sổ,2000
Huyện Bình Chánh,60,,2,2,Đang chờ sổ,1380
Quận 8,67,,2,2,Đã có sổ,2434
Quận Bình Tân,71,Đông Nam,2,2,Đang chờ sổ,2500
Quận Bình Thạnh,119,Tây,3,2,Đã có sổ,11800
Quận 9,50,,1,1,Đang chờ sổ,4500
Quận 8,65,Đông Nam,2,2,Đang chờ sổ,1500
Quận 10,72,,2,2,,4950
Quận Thủ Đức,149,Tây Nam,3,2,Đang chờ sổ,4600
Quận Tân Phú,92,,3,2,,4200
Quận Bình Thạnh,92,,3,2,Đang chờ sổ,3600
Quận 9,90,,3,2,Đang chờ sổ,4000
Quận 6,62,,2,1,Đang chờ sổ,3550
Quận Bình Thạnh,70,,2,1,Đã có sổ,2550
Quận Tân Phú,91,,3,2,Đang chờ sổ,3250
Huyện Nhà Bè,150,,3,2,Đã có sổ,4000
Quận Tân Bình,87,,2,2,Đã có sổ,2950
Quận Tân Phú,66,Đông Bắc,2,1,Đang chờ sổ,3050
Quận Tân Phú,61.6,,2,1,Đã có sổ,1880
Quận 7,66.66,,2,2,Đang chờ sổ,2500
Quận Tân Phú,71,,2,2,,2500
Quận Gò Vấp,72,Nam,2,2,Đang chờ sổ,3850
Quận Tân Phú,90.78,Đông Nam,1,2,,6900
Quận Thủ Đức,56,,2,2,Đang chờ sổ,2400
Quận 9,99,,3,2,Đã có sổ,4150
Huyện Hóc Môn,33,,1,1,,350
Quận 10,78,,2,2,Đang chờ sổ,6250
Quận 4,30,Tây Nam,1,1,Đang chờ sổ,2550
Quận 9,65,,3,2,,1780
Quận Gò Vấp,40,Đông Nam,2,2,Đã có sổ,230
Quận 12,56,Đông,1,1,Đã có sổ,1495
Quận Bình Thạnh,70,,2,2,,2100
Quận Bình Tân,38,Tây Nam,1,1,Giấy tờ khác,640
Quận 9,91.2,Đông Bắc,3,2,Đang chờ sổ,4380
Quận 9,68,,2,2,,1790
Quận 2,87,,2,2,Đã có sổ,2350
Quận 8,65,Đông Nam,2,2,Đang chờ sổ,1500
Quận Tân Bình,33,,1,1,Giấy tờ khác,868
Huyện Bình Chánh,82,Đông Nam,3,3,Đang chờ sổ,2800
Quận 8,92,,3,2,Giấy tờ khác,2580
Huyện Bình Chánh,55,,2,2,Đang chờ sổ,950
Quận 12,73.7,Đông Nam,2,2,Đã có sổ,1570
Quận 2,75,,2,2,Giấy tờ khác,3700
Quận Thủ Đức,67,Đông Nam,2,2,,2200
Quận Tân Phú,74,,2,2,Đang chờ sổ,3750
Quận 7,99,,2,2,Đã có sổ,4000
Quận 2,90,,3,2,Đang chờ sổ,4295
Quận 12,68,,2,2,Giấy tờ khác,2700
Quận 8,52,,2,1,Đang chờ sổ,1300
Huyện Bình Chánh,60,Đông,2,2,Đang chờ sổ,2200
Quận 12,50,,2,2,,1800
Quận Thủ Đức,72,Đông,2,2,Đã có sổ,2750
Quận Gò Vấp,37,Đông Nam,1,1,Đã có sổ,950
Quận Bình Tân,80.5,,2,2,,3200
Quận 9,55,Tây Bắc,1,1,Đã có sổ,1730
Quận Gò Vấp,53,,2,2,Đang chờ sổ,2200
Quận 8,62,,2,2,Đang chờ sổ,1660
Quận 7,76,,2,2,,3850
Quận 9,59,,2,1,Đang chờ sổ,2150
Quận 9,46.5,,1,1,,1780
Quận 9,46,,1,1,Đang chờ sổ,1820
Quận 6,61,,2,1,Đang chờ sổ,2000
Quận Thủ Đức,38.1,,1,1,Đã có sổ,1150
Quận 9,69,,2,2,Đang chờ sổ,2600
Quận 10,43,,1,1,Đang chờ sổ,3300
Quận Phú Nhuận,50,,2,2,,200
Quận Phú Nhuận,109,,3,2,,8150
Quận 5,74,Tây Nam,2,2,Đã có sổ,5200
Quận 5,75,,2,2,Đã có sổ,5200
Quận 9,52,Đông Nam,1,1,Đang chờ sổ,3300
Quận 9,68,,2,2,,1000
Quận Phú Nhuận,48,Tây,1,1,Đang chờ sổ,3500
Quận 9,67,,2,2,,2350
Quận Phú Nhuận,70,,2,,Giấy tờ khác,4300
Quận Bình Thạnh,66,,2,2,Đang chờ sổ,3500
Quận 2,101,Đông Nam,3,2,Giấy tờ khác,6051
Quận Bình Tân,71,Đông,2,1,Đã có sổ,1880
Quận Bình Tân,43,,1,1,Giấy tờ khác,1500
Quận 8,150,,3,3,Đã có sổ,4000
Quận 2,57,Đông,2,2,Giấy tờ khác,1600
Quận 9,50,,1,1,,1650
Quận 8,73,Nam,2,2,Đang chờ sổ,2300
Quận 9,65,,2,2,Đã có sổ,2025
Quận Thủ Đức,60,,2,2,Đã có sổ,1680
Quận 8,68,Tây Bắc,2,2,,2640
Quận 7,100,,2,2,Đã có sổ,4100
Quận Tân Phú,67,,2,2,Đang chờ sổ,2500
Quận 2,109,,3,2,Đang chờ sổ,5300
Quận 8,77.64,,2,2,Đã có sổ,2169
Quận Bình Tân,56.012,,2,1,,2220
Quận Bình Tân,56.0099,,2,1,,2250
Quận Tân Phú,45,Tây,1,1,Đã có sổ,1560
Quận Bình Tân,56.0101,,2,1,,2920
Quận Bình Tân,75.0015,,2,2,,2920
Quận Bình Tân,77.001,,2,2,,2588
Quận Bình Tân,89,Bắc,2,1,Đã có sổ,1880
Quận Tân Phú,60.62,Đông Nam,2,2,Đã có sổ,3300
Quận 4,57,Đông Bắc,2,1,Đang chờ sổ,3950
Quận 5,82,Tây,2,2,Đã có sổ,6500
Quận 10,53,,2,2,Đang chờ sổ,2650
Quận 7,87,Tây,3,2,,3500
Quận Thủ Đức,50,,1,1,,1400
Quận 12,73.7,Đông Nam,2,2,Đã có sổ,1590
Quận 10,75,Đông,2,2,Đang chờ sổ,3450
Quận 12,33,,1,1,Giấy tờ khác,800
Quận Thủ Đức,57,Đông Nam,2,2,Đã có sổ,2400
Quận 2,50,Nam,2,1,,2450
Huyện Nhà Bè,52,,1,1,Giấy tờ khác,1600
Quận 7,53,,2,1,,1800
Quận 7,320,Tây Nam,4,3,Giấy tờ khác,18000
Huyện Nhà Bè,65,,2,2,Đã có sổ,2350
Quận Bình Thạnh,37.5,,1,1,Đã có sổ,950
Quận 9,47.5,Tây,1,1,Giấy tờ khác,1860
Quận 2,65,,2,2,Đã có sổ,4150
Quận Thủ Đức,51,Đông Nam,1,1,Đang chờ sổ,1500
Quận 9,35,,1,1,,1090
Quận Gò Vấp,70,Đông Nam,2,1,Giấy tờ khác,1750
Quận Bình Tân,57,Đông Nam,1,1,Đang chờ sổ,2250
Quận Thủ Đức,60,,2,2,Đang chờ sổ,1100
Quận 12,80,Nam,3,2,Giấy tờ khác,2800
Huyện Bình Chánh,76,Tây,2,2,Đang chờ sổ,4000
Quận Tân Phú,106,,3,3,Đang chờ sổ,3150
Quận Bình Thạnh,61,,2,2,Đã có sổ,2650
Quận 9,59.4,,2,1,Đang chờ sổ,1899
Quận 7,77,Đông,2,1,Đã có sổ,2500
Quận Phú Nhuận,113,,3,2,,4900
Quận 8,65,Tây,2,1,Đang chờ sổ,1820
Quận Tân Phú,91,,3,2,Đang chờ sổ,3500
Quận 2,83,Đông Nam,2,2,Đã có sổ,2500
Huyện Bình Chánh,55,,2,2,,1500
Quận 9,58,,2,2,Đã có sổ,1400
Quận Tân Phú,60,Tây Nam,2,1,Đã có sổ,1900
Quận 9,58,,2,2,,1400
Quận Tân Phú,64,,2,1,,2400
Quận Tân Bình,57,,2,1,Đang chờ sổ,3320
Quận 9,59,Đông Bắc,2,1,Đang chờ sổ,2140
Quận 9,52,Đông Nam,1,1,Đang chờ sổ,2900
Quận Tân Phú,74,,2,2,Đang chờ sổ,3400
Quận 2,88,,2,,,6200
Quận Bình Tân,56,,2,1,Đang chờ sổ,2200
Quận 12,58,Đông,2,2,,2100
Quận Thủ Đức,71,,2,2,,3300
Quận Bình Tân,49.4,,1,1,Đang chờ sổ,1350
Quận Thủ Đức,98,Tây Bắc,3,2,Đang chờ sổ,4690
Quận 12,83,,2,2,Đã có sổ,1980
Huyện Bình Chánh,56,,2,1,Đã có sổ,2250
Huyện Bình Chánh,64,Nam,2,2,Đang chờ sổ,1150
Quận 9,47,Đông Bắc,1,1,Giấy tờ khác,1780
Quận 9,67,Tây Nam,3,2,Đang chờ sổ,2000
Quận 5,126,,4,3,Đã có sổ,5600
Quận Bình Thạnh,54,Bắc,1,1,Đã có sổ,4300
Huyện Bình Chánh,59,,2,2,,660
Quận 8,60,,2,1,,1430
Quận 9,33.8,Tây,1,1,Đang chờ sổ,1335
Quận Bình Thạnh,53,,1,1,Đang chờ sổ,2800
Quận Bình Thạnh,34,,1,,Giấy tờ khác,900
Quận 8,68,,2,2,,2280
Quận 8,70,,2,2,,2100
Huyện Bình Chánh,65,,2,1,Đang chờ sổ,2100
Quận 4,57,Đông Bắc,2,1,Đang chờ sổ,3950
Quận 4,74,,2,2,Đang chờ sổ,4650
Quận 8,50,Nam,1,1,,1550
Quận Tân Phú,66,Tây Nam,2,2,,2570
Quận 7,62,Đông Bắc,2,2,Đang chờ sổ,2800
Quận 1,40,,1,1,Đã có sổ,2550
Quận 9,54,,1,1,Đang chờ sổ,3100
Huyện Bình Chánh,58,Đông Bắc,2,2,Đang chờ sổ,1820
Quận 8,68,,2,2,,2650
Quận Phú Nhuận,70,,2,2,,3970
Quận 9,59,Tây,2,1,Đang chờ sổ,2000
Quận 9,70,,2,1,,100
Quận 5,36,,1,1,Đã có sổ,2250
Quận 10,35,,2,1,Giấy tờ khác,1800
Quận 2,98,Nam,3,2,Đã có sổ,6450
Quận 2,55,,1,1,Đang chờ sổ,4400
Huyện Bình Chánh,55,,2,,Đang chờ sổ,990
Quận 7,76.5,Bắc,2,2,Đang chờ sổ,3500
Quận 8,51.16,,2,1,,1550
Quận 8,78.91,,3,2,Giấy tờ khác,2050
Quận 8,54,,2,1,,1800
Quận Gò Vấp,76,Bắc,2,2,Đang chờ sổ,2100
Quận 6,61,,2,1,,2100
Quận Bình Tân,75,,2,2,,2600
Quận 10,45,,2,1,,2020
Huyện Bình Chánh,58,,2,1,,2600
Quận 8,61.75,,2,2,Giấy tờ khác,1663
Quận 2,93,,2,2,Đang chờ sổ,9100
Quận Gò Vấp,68,Đông,2,2,Đã có sổ,2650
Quận Bình Tân,56,,2,2,Đang chờ sổ,2220
Quận Bình Thạnh,45,Tây Nam,1,1,Đã có sổ,2000
Quận 9,51,,2,1,Đang chờ sổ,1750
Quận 12,73,,2,2,,2100
Quận 7,57.1,Nam,2,1,Đang chờ sổ,2280
Quận 2,148,Đông Bắc,3,3,Đang chờ sổ,19000
Quận 12,65,,2,2,,1700
Quận Bình Tân,60,,2,,Đã có sổ,1450
Huyện Bình Chánh,78,,2,2,Đang chờ sổ,2900
Quận Bình Tân,68,,2,2,Đang chờ sổ,2000
Huyện Bình Chánh,72,,2,2,Đã có sổ,2750
Quận Bình Tân,37.5,,1,1,Giấy tờ khác,600
Huyện Bình Chánh,92,Đông,2,2,Đã có sổ,2500
Quận Tân Phú,78,,2,2,Đã có sổ,2999
Quận 8,2.5,Tây,1,1,Đã có sổ,1050
Quận 7,95,Bắc,3,2,Đang chờ sổ,5300
Quận Tân Phú,53,,2,1,Đang chờ sổ,2550
Quận Thủ Đức,47,,1,2,Giấy tờ khác,1100
Quận Tân Phú,63,Bắc,2,2,Đã có sổ,2000
Quận 9,40,,2,1,Đang chờ sổ,500
Quận 8,70,Đông Bắc,2,2,Đang chờ sổ,1850
Quận 9,67,,2,2,Đang chờ sổ,2350
Quận 6,79,Tây,2,2,Đang chờ sổ,3600
Quận Bình Tân,68,Nam,2,2,Đã có sổ,2520
Quận 2,45,,1,1,,1900
Quận Thủ Đức,72,,2,2,,2490
Quận 6,120,,3,2,Đã có sổ,2650
Quận Thủ Đức,60.5,,2,2,,1640
Quận 8,61.75,,2,2,Giấy tờ khác,1645
Quận 11,70,Tây,2,2,Đã có sổ,2450
Quận 7,40,,1,,Giấy tờ khác,1100
Quận Thủ Đức,56,,2,2,Đã có sổ,2130
Huyện Nhà Bè,71,,2,2,Đang chờ sổ,2650
Quận 6,72,,2,2,,2200
Quận 7,70,,2,2,Đang chờ sổ,2600
Quận 2,57,,2,2,Đã có sổ,2650
Quận 8,148,,3,3,,4300
Quận 7,68.22,Tây Bắc,2,2,Đang chờ sổ,3200
Quận Phú Nhuận,109,,3,2,Đang chờ sổ,8580
Quận 6,61,Đông,2,1,Đang chờ sổ,2100
Quận Tân Phú,55,,2,1,Đang chờ sổ,1980
Quận Tân Bình,34,,2,1,Giấy tờ khác,1050
Quận 7,68.22,Đông Nam,2,2,Đang chờ sổ,3200
Quận 9,73,,2,2,Giấy tờ khác,760
Quận Gò Vấp,50,,2,2,Đã có sổ,1650
Quận 2,102,,2,2,Đang chờ sổ,3450
Quận Tân Phú,88,Nam,3,2,Đang chờ sổ,3070
Quận 7,38,,1,1,Đang chờ sổ,2100
Quận 12,65,,2,2,,1700
Quận Bình Thạnh,50,Bắc,2,2,Đã có sổ,2650
Quận 3,26,,2,2,Đã có sổ,3000
Quận Bình Thạnh,60,Đông,2,1,,3500
Huyện Bình Chánh,50,,2,2,Giấy tờ khác,1080
Quận 8,85,Đông Bắc,3,2,Đang chờ sổ,2795
Quận Tân Bình,6,,2,2,Đã có sổ,3400
Quận 7,100,,3,2,Đã có sổ,3600
Quận 2,85,Bắc,3,3,Đang chờ sổ,3160
Quận Thủ Đức,57.4,Đông Nam,2,2,,1650
Quận Thủ Đức,65,,2,1,,200
Quận 9,59,Tây,2,1,Giấy tờ khác,1385
Huyện Bình Chánh,78,Đông,2,2,Đang chờ sổ,3700
Quận 9,75,,2,2,Đã có sổ,2890
Quận Tân Phú,84,,2,2,Đang chờ sổ,3990
Quận 9,87,,3,2,,1900
Quận Thủ Đức,71,,2,2,,1770
Quận Bình Thạnh,78,,2,2,,10500
Quận 1,80,,2,2,,11000
Quận 7,66,Nam,2,2,Đang chờ sổ,2250
Quận 5,68,Đông Nam,7,2,Đã có sổ,1950
Quận 10,72,Đông Bắc,2,2,Đang chờ sổ,6600
Quận 2,60,Đông Bắc,2,1,Đã có sổ,2100
Quận Tân Phú,85,,2,2,Đang chờ sổ,4200
Quận Phú Nhuận,84.61,,3,2,,5070
Quận 2,112,,2,2,Đã có sổ,5200
Quận Bình Thạnh,61.5,,2,1,Đã có sổ,2600
Quận 6,60,Đông,2,2,Đã có sổ,2080
Quận Thủ Đức,60,Đông Nam,2,2,Đang chờ sổ,1790
Quận Thủ Đức,61,Đông Nam,2,1,Đang chờ sổ,2300
Quận Thủ Đức,69,Đông Nam,2,2,Đang chờ sổ,2550
Quận 8,79,,3,2,,2050
Huyện Bình Chánh,69,,2,2,,450
Quận 8,68,Đông,2,2,Đang chờ sổ,1900
Quận 9,75,,2,2,,200
Quận 8,56,,2,2,Đã có sổ,1500
Huyện Bình Chánh,57.5,,2,1,Đã có sổ,1550
Quận 2,98,,3,2,,5500
Quận 2,70,,2,2,,4100
Quận 9,52,,1,1,Giấy tờ khác,3300
Quận 9,65,,2,2,Đã có sổ,2020
Quận 12,50,,2,2,,1800
Quận 2,50,,1,1,,3150
Huyện Bình Chánh,59,Tây Bắc,2,2,Giấy tờ khác,700
Quận 7,80,,2,2,Đã có sổ,2400
Quận Bình Tân,64,,2,2,Đang chờ sổ,1550
Quận Thủ Đức,73.5,,2,2,Đã có sổ,2100
Quận Thủ Đức,56,,2,2,,1500
Quận 8,78.88,Tây Nam,2,2,Đang chờ sổ,2650
Quận 7,68.23,Nam,2,2,Đang chờ sổ,3400
Quận Thủ Đức,67,,2,2,,2750
Quận Tân Bình,40,,1,1,Đã có sổ,950
Quận Tân Phú,52,,2,2,Đã có sổ,1700
Quận 9,51,,1,1,Đang chờ sổ,1759
Quận 2,60.1,,2,1,Đã có sổ,2000
Quận 7,73,,2,1,,2400
Quận 12,74,Bắc,2,2,Đã có sổ,1699
Quận Tân Phú,53.2,,2,1,Đang chờ sổ,2450
Quận 8,80,,2,2,Đã có sổ,2500
Huyện Bình Chánh,56,,2,1,Đang chờ sổ,2270
Quận 10,101,,3,2,,7790
Quận 2,75,,2,2,,4000
Quận 9,58.1,,2,2,Đã có sổ,2150
Huyện Nhà Bè,106,Đông,3,2,Đang chờ sổ,2400
Quận 12,65,,2,2,,1900
Quận Gò Vấp,77,Bắc,2,2,Đã có sổ,3900
Quận Tân Phú,71,Tây,2,2,Giấy tờ khác,2700
Quận 2,41,,1,1,Đã có sổ,1150
Quận 8,60,,2,1,,2000
Quận 7,73.39,Nam,2,2,Đang chờ sổ,3500
Huyện Bình Chánh,84,,3,3,Giấy tờ khác,500
Quận Tân Phú,84,,2,2,,3750
Quận Tân Phú,75,,2,2,Đã có sổ,2180
Quận Bình Tân,56,Bắc,2,1,,2150
Quận Tân Phú,127,,3,3,,4700
Quận 9,70,Tây Bắc,2,2,Đang chờ sổ,2400
Quận Thủ Đức,60,Đông Bắc,2,2,Giấy tờ khác,1650
Quận 8,62.37,,2,2,,1292
Quận Tân Phú,91,Đông Bắc,3,2,Giấy tờ khác,3900
Quận 9,86,,3,2,,2000
Quận 2,155,,3,2,Đang chờ sổ,24000
Quận 7,58.87,Nam,2,1,Đã có sổ,3000
Quận Bình Tân,81,Bắc,3,2,Đã có sổ,2250
Quận 7,75.06,,2,2,,2950
Quận Bình Tân,83,Đông Bắc,2,2,Đang chờ sổ,2400
Quận 1,121,Đông Bắc,3,2,Đang chờ sổ,24000
Quận 3,70,,2,,,3200
Quận 9,58,,2,2,,1600
Quận 7,92,Đông Nam,2,2,Đã có sổ,2400
Quận 9,65,,2,2,Đang chờ sổ,2000
Quận 8,52,,1,1,Giấy tờ khác,1890
Quận 8,150,,3,3,Đã có sổ,4100
Quận 8,230,,5,5,Đã có sổ,6500
Quận 10,75,,2,2,Đang chờ sổ,5100
Quận Thủ Đức,57,Tây Nam,2,2,Đã có sổ,1850
Quận 8,150,,3,3,Đã có sổ,4000
Quận 11,116,,3,2,Đã có sổ,5900
Quận 9,69.2,Đông Nam,2,2,Giấy tờ khác,2500
Quận 2,94.52,Nam,2,2,Đang chờ sổ,2950
Huyện Bình Chánh,54,Tây,2,1,Đang chờ sổ,1750
Quận Bình Thạnh,46,,1,1,Đã có sổ,1950
Quận Gò Vấp,75,Đông Nam,2,2,Đã có sổ,2650
Quận Bình Tân,75,Đông,2,2,Đang chờ sổ,2580
Quận 2,75,Tây Bắc,2,2,Giấy tờ khác,4300
Quận Bình Tân,33.9,,1,1,,530
Quận 10,73,,2,2,Đang chờ sổ,5100
Quận Tân Phú,112,Tây Bắc,2,2,Giấy tờ khác,5834.09379
Quận 7,110,,3,2,Đã có sổ,5700
Quận 2,102,Nam,3,2,,3100
Quận Thủ Đức,52,,2,1,Đã có sổ,1650
Quận 4,83,,2,2,Đã có sổ,3950
Quận 2,63,Tây Bắc,2,2,Đã có sổ,4000
Quận 9,47.3,,1,1,Đang chờ sổ,1750
Quận 8,56,,2,2,,1313
Quận 12,78,Tây,2,2,Đã có sổ,2600
Quận 12,58,,2,2,,1500
Quận Bình Thạnh,105,Tây Bắc,3,2,Đã có sổ,3900
Quận 2,88,,3,2,Đã có sổ,3550
Quận 8,82,,2,2,,2690
Quận 9,59,,2,,,2170
Quận 4,112,Tây Nam,3,2,Đã có sổ,6350
Quận 9,100,,2,1,Đã có sổ,1450
Quận 2,72,,2,2,,2856.8
Quận Tân Phú,65,,2,1,Đã có sổ,2350
Quận Tân Phú,70,,2,2,Đang chờ sổ,1400
Quận Thủ Đức,68,,2,2,,2550
Quận 10,70,,2,2,Đang chờ sổ,4650
Huyện Nhà Bè,70,,2,2,,3400
Quận 2,109,,3,2,,5300
Quận 12,69,,3,2,Đang chờ sổ,1650
Quận 7,76,,2,2,Đã có sổ,3650
Quận Bình Tân,34,,1,1,Giấy tờ khác,530
Quận 7,69,,2,2,Đang chờ sổ,2500
Quận Thủ Đức,56,,1,1,Giấy tờ khác,1800
Quận 8,73,,2,2,Đang chờ sổ,1980
Quận 9,54,,1,,Đang chờ sổ,3300
Quận 2,61,Tây Bắc,2,1,Đang chờ sổ,1800
Quận Bình Tân,52.7,,2,1,Đang chờ sổ,1550
Quận Thủ Đức,56,,2,2,Đang chờ sổ,1500
Quận Phú Nhuận,85,,3,2,Giấy tờ khác,5600
Quận 7,147,,3,3,Đã có sổ,6900
Quận 2,75,,2,2,Đang chờ sổ,1200
Quận 1,123,,1,,,128.45
Quận 2,62,,2,1,,2250
Quận Bình Thạnh,55,Tây,1,1,Đã có sổ,2350
Quận 12,49,,1,,Đang chờ sổ,750
Quận 8,55,,2,1,,2000
Quận Bình Thạnh,1,,1,,Đã có sổ,100
Quận Thủ Đức,53,,2,1,Đang chờ sổ,1550
Quận 8,85,Đông,3,2,Đang chờ sổ,2900
Quận Thủ Đức,68,,2,2,,2550
Quận 9,58.1,,2,2,Đang chờ sổ,2150
Quận 9,69.2,,2,2,,2419
Quận 9,47,Tây Bắc,1,1,Đang chờ sổ,1800
Quận Gò Vấp,30,,1,1,Đã có sổ,900
Quận 7,106,Tây,2,2,,3500
Quận 8,45,,1,1,,1700
Quận 9,72,,2,2,Đang chờ sổ,2350
Huyện Nhà Bè,250,,5,3,,3900
Quận 7,124,,2,2,Giấy tờ khác,9200
Huyện Bình Chánh,50,,1,1,Đang chờ sổ,1650
Quận Phú Nhuận,109,,3,2,,6900
Quận Bình Thạnh,73,,2,2,Đã có sổ,2800
Quận 12,57,,2,,,123.46
Quận Tân Phú,80,Tây Nam,2,2,Giấy tờ khác,5888
Quận 7,85,Nam,3,2,Đã có sổ,3200
Quận Bình Tân,78,,2,2,Giấy tờ khác,2900
Quận 7,320,,4,3,Giấy tờ khác,20000
Quận Tân Phú,71,,2,2,,3500
Quận 7,75,,2,2,,2800
Quận 2,73,,2,,,3500
Quận Tân Phú,72,,2,2,,4300
Quận 3,75.29,,2,,,7800
Quận 4,66,,2,2,Đã có sổ,1620
Quận Thủ Đức,57.9,Đông Nam,2,2,Đang chờ sổ,1700
Quận 9,50,,2,1,Đang chờ sổ,1450
Quận Tân Phú,160,,2,2,Giấy tờ khác,8900
Quận 2,109,,3,2,Đang chờ sổ,5250
Quận Tân Bình,73,,2,2,,4150
Quận 8,71,Tây Nam,2,1,Đã có sổ,1600
Quận 11,70,,2,2,Đã có sổ,1250
Quận 8,45,,1,1,Đang chờ sổ,1650
Quận 8,68,,2,2,Đã có sổ,2200
Quận Thủ Đức,51,,1,1,,1600
Quận 7,76,,2,2,Giấy tờ khác,3700
Quận Bình Tân,30,,1,1,Giấy tờ khác,800
Quận Tân Phú,67,,2,2,Đã có sổ,2450
Quận 12,65,,2,2,,2250
Quận 8,66.45,,2,2,,1698
Huyện Bình Chánh,82,Tây Bắc,2,2,Đang chờ sổ,3100
Huyện Bình Chánh,55,,2,2,Đang chờ sổ,990
Huyện Bình Chánh,72,,2,1,Đang chờ sổ,2700
Huyện Bình Chánh,65,,2,2,Đã có sổ,2000
Quận 9,69,Đông Nam,2,2,Đang chờ sổ,2500
Quận Tân Phú,96,,2,2,Giấy tờ khác,5350
Quận 7,88,,2,2,Đã có sổ,2350
Quận 7,131.8,Tây,4,3,Đang chờ sổ,7200
Quận 4,65,,2,2,Đã có sổ,1450
Quận 12,50,,2,2,Đã có sổ,1280
Quận 8,82,,2,2,Giấy tờ khác,2600
Quận 7,41,,1,1,,999
Quận 4,76,,2,1,Đã có sổ,2900
Quận Tân Phú,67,,2,1,Đang chờ sổ,2450
Quận 4,92.14,,3,2,Đã có sổ,6800
Quận 10,73,,2,2,Đang chờ sổ,4870
Quận Gò Vấp,53,Đông Bắc,1,1,,2000
Quận Phú Nhuận,88,,3,2,,5490
Quận Tân Phú,66,,2,2,,2815
Quận 7,62,,2,2,Đã có sổ,2200
Quận 7,65,,2,2,Đang chờ sổ,3470
Quận 7,52,,2,1,Đang chờ sổ,2919
Quận 7,89,Đông,3,2,Đã có sổ,3145
Quận 3,79,Nam,3,3,Đã có sổ,1780
Quận Tân Phú,76,,2,2,,2100
Quận 8,62,,2,2,,1450
Quận 9,59,,2,1,Đang chờ sổ,2000
Quận Gò Vấp,73,Đông Nam,2,2,Đã có sổ,2000
Quận 2,76,Đông Bắc,2,2,,4050
Quận 9,58,,2,2,,1600
Huyện Nhà Bè,52,,2,1,,1600
Huyện Bình Chánh,60,,2,2,Đang chờ sổ,1450
Huyện Nhà Bè,67,Đông Bắc,2,2,Đã có sổ,2350
Quận 8,55,,2,2,Đã có sổ,1560
Quận 7,88,,3,2,Đã có sổ,3180
Quận Thủ Đức,145,,1,2,Đã có sổ,4200
Quận Tân Phú,70,,2,2,Đang chờ sổ,2700
Quận 8,68,Đông Bắc,2,2,Đã có sổ,3000
Quận 7,96,,2,2,Đã có sổ,4600
Quận Bình Thạnh,90,,3,2,Đã có sổ,3480
Quận 8,144,Tây Bắc,3,3,Giấy tờ khác,4390
Quận 7,78,,2,2,Đã có sổ,3000
Quận Tân Phú,75,,2,2,Đã có sổ,2350
Quận 12,79,,3,2,Đã có sổ,2900
Quận Bình Tân,50,,2,1,,2100
Quận 2,49,,1,1,Đang chờ sổ,2740
Huyện Nhà Bè,75,,2,2,Đã có sổ,1750
Huyện Nhà Bè,76,,2,2,Đã có sổ,1680
Quận 2,75,,2,2,Đã có sổ,4600
Quận 12,50,,4,5,Đã có sổ,4500
Quận 2,51.14,,1,1,Đang chờ sổ,2500
Quận 7,68,,2,2,Đang chờ sổ,2090
Quận Tân Bình,43,,2,1,Đã có sổ,1550
Huyện Nhà Bè,60,,2,1,,1750
Quận 8,55,,2,2,,850
Quận 7,38,Bắc,1,1,Đang chờ sổ,1660
Quận Thủ Đức,87.52,Đông Bắc,3,2,Đang chờ sổ,3950
Quận 7,55,,1,1,Đang chờ sổ,1880
Quận Tân Phú,71,,2,2,,3280
Quận 7,130,,3,2,Đã có sổ,5000
Quận 7,122,,3,2,Đã có sổ,7100
Quận 7,76,,2,2,,3900
Quận Tân Phú,88,,3,2,Đang chờ sổ,3000
Quận 4,67,,2,2,,3550
Quận 7,90,Tây Bắc,2,2,Đang chờ sổ,1950
Quận 7,38.3,,1,1,Đang chờ sổ,1700
Quận 7,73,,2,2,,1950
Quận Thủ Đức,51,,1,1,,1945
Quận 2,70,,2,2,Đã có sổ,3800
Quận 3,30,,1,1,Đã có sổ,2050
Quận Thủ Đức,71.84,,2,2,Đang chờ sổ,3420
Quận Thủ Đức,59,Nam,2,2,Đã có sổ,1550
Quận 8,51,,1,1,Đang chờ sổ,1550
Quận Thủ Đức,67,,2,2,,2800
Quận 8,60,,2,,,2350
Quận 9,59,,2,1,,1990
Quận 2,108,,2,2,,5200
Quận 9,47.2,,2,1,,1710
Quận Thủ Đức,60,,2,2,,1600
Quận 12,58,,2,2,,1550
Huyện Bình Chánh,72,Tây,2,2,Đang chờ sổ,2550
Quận Thủ Đức,68,,2,2,,2600
Huyện Bình Chánh,150,Tây,4,4,Đã có sổ,7200
Quận 2,88,,2,2,Đang chờ sổ,6200
Quận 7,78,Tây,2,2,Đã có sổ,4000
Quận 7,58,,2,,,2160
Quận 9,59,,2,1,Đang chờ sổ,2050
Quận 8,75,,2,2,Đang chờ sổ,2900
Huyện Nhà Bè,120,,3,3,Đã có sổ,2200
Quận Bình Thạnh,90,,2,2,Đã có sổ,4700
Quận 9,45,,1,1,Đã có sổ,500
Quận Thủ Đức,50,,2,2,Đã có sổ,1470
Quận 7,79,Đông Nam,2,2,Giấy tờ khác,2280
Quận 2,59,,2,2,Đang chờ sổ,1279
Quận Thủ Đức,73.5,Tây Bắc,2,2,Đã có sổ,2350
Quận 8,105,,2,2,Đã có sổ,2600
Quận 4,80,,2,2,Đã có sổ,3350
Quận 9,60,,2,1,Đang chờ sổ,2050
Quận 2,64,,2,2,Đã có sổ,3200
Huyện Bình Chánh,76,,2,2,,206
Quận 9,59,,2,1,Đang chờ sổ,2700
Quận 12,43,Tây,2,1,,1150
Quận Tân Phú,86,,3,2,Đã có sổ,2450
Quận 7,104,,3,2,Giấy tờ khác,4700
Quận Bình Tân,69,Đông Nam,2,2,Giấy tờ khác,1160
Quận 9,67,,2,2,Đã có sổ,2550
Quận 12,65,,2,2,,1800
Huyện Bình Chánh,63.5,Tây Bắc,2,1,Đang chờ sổ,1450
Quận Tân Bình,95,,2,2,Đã có sổ,4100
Quận Bình Tân,64,,2,2,Đã có sổ,1750
Quận 8,50,,1,1,Đang chờ sổ,1600
Quận 9,47,,1,1,,1134
Quận 9,67,Tây Nam,2,2,Đã có sổ,1930
Quận 9,40,,1,1,,1630
Quận Thủ Đức,85,Tây Bắc,2,2,Đã có sổ,2400
Quận 9,75,,2,2,Giấy tờ khác,699
Quận 5,114,Bắc,3,2,Đã có sổ,3500
Huyện Nhà Bè,99,,2,2,Đã có sổ,2300
Quận Tân Bình,205,Đông Nam,5,4,,8700
Quận Thủ Đức,50,Tây Bắc,2,1,Đã có sổ,1890
Quận Thủ Đức,65,Đông Nam,2,1,Đã có sổ,2300
Quận Thủ Đức,63,Tây Bắc,2,2,Đã có sổ,2050
Quận 8,73,,2,2,,2130
Quận 10,70,,2,2,Đã có sổ,4450
Quận 8,73,Nam,2,2,Đang chờ sổ,2330
Quận Tân Phú,45,,1,1,,1380
Quận Bình Thạnh,64.5,,2,2,Đã có sổ,3600
Quận 4,117,,3,3,Đang chờ sổ,6200
Quận 9,58,,2,2,,1400
Quận 9,64,,2,2,,1800
Quận 7,80,Tây Nam,2,2,Đang chờ sổ,3250
Quận 9,47,,2,1,Đang chờ sổ,1225.00578
Huyện Bình Chánh,65,,2,2,Đang chờ sổ,2360
Quận 2,74,,2,2,,6500
Quận 2,154,Đông,3,2,,5200
Quận 7,38,Đông,1,1,,2050
Quận Bình Tân,53,,1,1,Đang chờ sổ,1830
Quận 9,69,Tây Bắc,2,2,Đang chờ sổ,2760
Quận Tân Phú,94,,3,2,Đang chờ sổ,3280
Quận 7,40,,1,1,,1100
Quận 6,48,Đông,1,1,Đã có sổ,1400
Quận 8,79,,2,2,Đã có sổ,2893
Quận 8,90,,3,2,,3600
Quận Tân Phú,63,Đông,2,1,Đã có sổ,3050
Huyện Nhà Bè,70,,2,2,,2800
Quận 6,61,,2,1,Đang chờ sổ,1850
Huyện Nhà Bè,70,Đông,2,2,Đang chờ sổ,3050
Quận 2,100,Đông Nam,2,2,Đã có sổ,8550
Quận 2,64,Tây Nam,1,1,Đang chờ sổ,6600
Quận 2,81,,2,2,Đã có sổ,2200
Quận 2,98,Tây,2,2,Đang chờ sổ,12380
Quận Tân Phú,92,,3,2,Đã có sổ,3900
Quận 2,72,,3,1,,2200
Quận 1,90,Đông Bắc,2,2,Đã có sổ,4300
Quận 9,62,,2,1,,1520
Quận 8,60,,2,1,Đã có sổ,2400
Quận 7,38,,1,1,Đã có sổ,1300
Quận 8,52,,1,1,,1650
Quận 2,88,,2,2,Đã có sổ,7550
Quận Tân Phú,97,Tây Bắc,2,2,Giấy tờ khác,4900
Quận 2,75,Đông Bắc,2,2,Đã có sổ,1950
Quận 7,65,,2,1,Đang chờ sổ,3700
Quận 9,59,,2,1,,2000
Quận Phú Nhuận,42,,1,1,Đã có sổ,1850
Quận Tân Phú,86,,3,2,Đang chờ sổ,3280
Quận 2,56,,2,2,Đã có sổ,3100
Quận 7,70,Bắc,2,2,Đã có sổ,2590
Quận Bình Thạnh,92,,2,,,7000
Quận Tân Bình,38,,1,1,Đang chờ sổ,950
Huyện Bình Chánh,59,,2,2,Giấy tờ khác,2200
Quận Tân Phú,91,,3,2,,3450
Quận Tân Phú,90,Nam,3,2,,2750
Quận 7,161,,4,4,Giấy tờ khác,2550
Huyện Nhà Bè,71,Tây,2,2,Đang chờ sổ,2880
Quận 9,98,,3,2,Đã có sổ,2450
Quận 9,54,,1,1,Đã có sổ,1750
Quận 4,90,,3,2,Giấy tờ khác,4550
Quận Tân Bình,74,,2,2,,3780
Quận Bình Tân,86,Tây Bắc,3,2,,2300
Quận 7,129,,3,2,Đã có sổ,5000
Quận Tân Phú,53,Tây Nam,1,1,,2750
Quận 9,47,Tây Bắc,1,1,Giấy tờ khác,1720
Quận 3,25,,1,1,,1300
Quận 7,54,Đông Bắc,2,2,Đã có sổ,2050
Quận 9,46.9,Đông Nam,1,1,Đang chờ sổ,1710
Quận 2,71.6,Đông Nam,2,2,,4450
Quận 7,55,,2,1,Đang chờ sổ,2300
Quận Tân Phú,60,,2,2,Đang chờ sổ,2970
Quận 6,120,,3,2,Đã có sổ,2890
Quận Bình Tân,56,Đông,2,1,,2190
Quận Tân Phú,86.12,Bắc,3,2,Đang chờ sổ,3200
Quận 4,85,,3,2,Đang chờ sổ,4780
Quận 12,56,,2,2,Đang chờ sổ,1520
Quận Tân Phú,45,,1,1,,1370
Quận Tân Phú,53,,2,1,Đang chờ sổ,2450
Quận Thủ Đức,58,,2,2,Đang chờ sổ,1680
Quận 12,83,,2,2,Đang chờ sổ,2250
Quận 8,73,,2,2,Đang chờ sổ,3300
Quận 9,66,,2,2,,2100
Quận 8,62,,2,2,,1600
Quận 7,54,Bắc,2,1,Đang chờ sổ,1790
Quận 2,71,,2,2,Đã có sổ,4180
Quận 7,150,Bắc,3,2,Đang chờ sổ,4100
Quận 9,47,Tây Nam,2,1,,1850
Huyện Hóc Môn,33,,1,1,,330
Quận 9,104,Tây Bắc,4,2,Giấy tờ khác,4300
Quận 8,91,,3,2,,2730
Quận 6,86,,2,2,Đã có sổ,3200
Quận 8,73,Đông Nam,2,2,Đang chờ sổ,2100
Quận Phú Nhuận,200,,3,2,,14000
Quận Tân Bình,73,,2,2,,4100
Quận Tân Bình,56,,1,1,,3250
Quận Phú Nhuận,109,,3,2,,6230
Quận 9,47,Tây,1,1,Đã có sổ,1860
Quận 7,46,,1,1,,2200
Quận Tân Bình,87,,2,2,Đã có sổ,2950
Quận 8,85,,3,2,,2560
Quận Tân Bình,40,,2,1,,1000
Quận Gò Vấp,65,Tây Bắc,2,2,Đang chờ sổ,2300
Quận 12,48,,2,2,Đang chờ sổ,1000
Quận Tân Bình,65,,2,,,1900
Huyện Nhà Bè,83,,3,2,Đang chờ sổ,3450
Quận 2,79.1,Đông,2,2,Đang chờ sổ,5750
Quận 7,69,,2,3,Đã có sổ,1420
Quận 2,75,Tây,2,2,Đã có sổ,1200
Huyện Bình Chánh,59,,2,2,Đang chờ sổ,2300
Quận 12,65,Tây Bắc,2,2,Đã có sổ,2550
Quận 8,73,Tây Bắc,2,2,Đang chờ sổ,2180
Quận 5,84,,2,2,Đã có sổ,1800
Quận 10,103,,3,2,Đang chờ sổ,7800
Quận Bình Tân,69,,2,2,Đã có sổ,1160
Quận 12,58,,2,2,,1550
Quận 11,66,Tây,1,1,Đã có sổ,2830
Quận 7,68,,2,2,Đã có sổ,2100
Quận Tân Phú,65,,2,2,Đang chờ sổ,3100
Quận Gò Vấp,70,,2,1,,1780
Quận 3,25.42,Đông Bắc,1,1,Giấy tờ khác,1100
Quận 8,60,,2,1,Đã có sổ,2060
Quận 12,928.6,,,,Đã có sổ,120000
Quận 2,50,,1,1,Giấy tờ khác,2730
Quận Tân Bình,47,Nam,1,1,Đã có sổ,1890
Quận 12,58,,2,2,Đang chờ sổ,1600
Quận 12,51,,2,1,Đang chờ sổ,1380
Huyện Bình Chánh,100,,2,2,Đã có sổ,2920
Quận Thủ Đức,90.5,Tây,2,2,Đã có sổ,2580
Huyện Nhà Bè,220,,4,4,Đã có sổ,4200
Huyện Nhà Bè,75.6,,2,2,Đã có sổ,2460
Quận 7,53,,1,1,,1880
Quận 7,53,,1,1,,1806
Quận 7,86,,3,2,,3550
Quận Tân Phú,49,,1,1,Đang chờ sổ,1400
Quận Tân Phú,40,,2,1,Đã có sổ,950
Quận 2,79,Tây,2,2,Đã có sổ,2250
Quận 7,125,Nam,3,2,Đã có sổ,5100
Quận 2,74,,2,2,,4600
Quận Tân Phú,104,Bắc,3,2,,4850
Quận Thủ Đức,50,,1,1,,1950
Quận Thủ Đức,53,,2,2,Đang chờ sổ,1550
Quận 8,79.25,Đông Bắc,2,2,,2900
Quận 9,70,,2,2,Đang chờ sổ,2400
Quận 7,95,,3,2,,3400
Quận 9,69,,2,2,,3000
Quận Tân Phú,112,Đông Nam,3,2,Đang chờ sổ,5500
Quận Thủ Đức,62,,2,1,,2390
Quận Tân Phú,69,Tây,2,2,Đang chờ sổ,2000
Quận 2,59,Đông Nam,2,2,Đang chờ sổ,1650
Quận 9,54,,2,2,Đang chờ sổ,3300
Quận 12,70,,2,2,,1800
Quận 10,120,,2,2,Đã có sổ,7090
Quận 9,68,Đông Bắc,2,2,Đang chờ sổ,2468
Quận 4,52,,1,1,Đã có sổ,1900
Quận 9,47,,1,1,Đã có sổ,1750.237951
Quận Bình Tân,60,Đông Nam,2,2,Đang chờ sổ,1950
Quận 6,90,,2,2,Đang chờ sổ,4000
Huyện Bình Chánh,46,,2,1,,1250
Quận 8,73,,2,2,,2300
Quận 7,120,Đông Bắc,3,2,Đang chờ sổ,2550
Quận 9,72,,2,2,Giấy tờ khác,2480
Quận Tân Phú,84,Tây,2,2,Đang chờ sổ,4050
Quận 4,34,,1,1,,1750
Quận Thủ Đức,84,Nam,2,2,Đã có sổ,2850
Quận 8,60,,2,2,,2100
Quận 8,78,,2,2,Đã có sổ,2100
Quận 4,127,,3,2,Đã có sổ,4000
Quận Thủ Đức,70,Đông Nam,2,2,Đang chờ sổ,1990
Quận Tân Phú,72,,2,2,Đã có sổ,2400
Quận 8,62,Đông Nam,2,2,Đang chờ sổ,1660
Quận Phú Nhuận,67,Nam,2,2,Đã có sổ,3150
Huyện Bình Chánh,55,Nam,2,2,Đang chờ sổ,1560
Quận 9,47.1,,2,1,Đã có sổ,1250
Quận Bình Tân,95,Đông Nam,2,2,,1800
Quận 12,50,,2,2,,1750
Quận 11,84,,2,2,Đã có sổ,4300
Quận 9,59,Nam,2,1,Đang chờ sổ,2020
Quận Thủ Đức,80,Tây Bắc,2,2,Đang chờ sổ,5000
Quận Tân Bình,31,,1,1,Đã có sổ,900
Quận 9,52,,2,1,Đã có sổ,1780
Huyện Bình Chánh,72,Bắc,2,2,Đang chờ sổ,2950
Quận 7,102,,3,2,Đang chờ sổ,5150
Quận Bình Thạnh,99,,3,2,Đã có sổ,3600
Quận Thủ Đức,73,,2,2,Đã có sổ,2500
Quận 7,70,,2,2,,3300
Quận Bình Thạnh,75,Tây,3,1,Đã có sổ,2650
Quận Thủ Đức,33,,1,1,,1250
Quận 10,69,,2,2,Đã có sổ,4450
Quận Phú Nhuận,36,,1,1,,1830
Quận 7,69,Đông Nam,2,2,Đang chờ sổ,2836
Quận Thủ Đức,57,,1,1,Đã có sổ,2200
Quận 8,92,,3,2,Đã có sổ,2890
Huyện Nhà Bè,67,Tây,2,2,Đang chờ sổ,1250
Quận 8,107,Tây,2,2,Đã có sổ,2700
Huyện Bình Chánh,46,Tây,1,1,Giấy tờ khác,550
Quận 12,68,,2,2,Đã có sổ,1680
Quận Gò Vấp,69,Đông Bắc,2,2,Đang chờ sổ,1500
Quận 7,80,,2,2,Đã có sổ,1350
Quận Tân Phú,58,Nam,2,2,Giấy tờ khác,2100
Quận 9,70,Đông Nam,2,2,Đã có sổ,2550
Quận Bình Tân,75,Tây,2,2,Đang chờ sổ,3950
Quận 2,64,,2,2,Đã có sổ,2900
Quận Bình Tân,121,Đông,4,3,Đang chờ sổ,4200
Quận Tân Phú,66,,2,1,Đang chờ sổ,2400
Quận 9,62.8,,2,2,Đang chờ sổ,2135
Quận 2,88,Đông Nam,3,2,Đã có sổ,3750
Huyện Nhà Bè,71,Bắc,2,2,Đang chờ sổ,3420
Quận Tân Phú,59,Đông,2,1,Đã có sổ,1770
Quận Tân Phú,58,,2,1,,1700
Quận 2,49,,1,1,Đang chờ sổ,5750
Quận 2,158.6,Đông Nam,2,3,Đang chờ sổ,12000
Quận 8,56,,2,2,Đã có sổ,1500
Quận Bình Tân,65,,2,1,,1650
Quận 9,30.81,Đông,1,1,Đang chờ sổ,1400
Quận 2,56.42,,2,2,Giấy tờ khác,2000
Huyện Nhà Bè,106,,3,2,,2400
Quận Bình Thạnh,70,,2,1,Đã có sổ,2600
Quận 9,45,Đông Nam,2,2,Đang chờ sổ,2000
Quận Tân Phú,104,,3,2,Đang chờ sổ,5120
Quận 9,75,,2,2,Đã có sổ,2890
Quận Bình Tân,68.5,,2,,,2500
Quận Tân Phú,55,,2,1,Giấy tờ khác,1990
Quận Thủ Đức,40,Đông Bắc,1,1,Đã có sổ,1300
Quận Thủ Đức,49,Đông Nam,2,2,Đã có sổ,1950
Quận 8,62.5,Nam,2,1,Đã có sổ,1300
Quận 10,86,Tây Bắc,2,2,Đang chờ sổ,6800
Quận 8,51,Tây Bắc,2,2,Giấy tờ khác,1450
Quận Thủ Đức,75,Đông,2,2,Giấy tờ khác,2000
Quận 8,62,Đông Nam,2,2,Đang chờ sổ,1850
Quận Gò Vấp,83.6,Bắc,2,2,Đã có sổ,3900
Quận 6,41,Tây,1,1,Đã có sổ,2600
Quận 8,115,,2,2,Đã có sổ,3450
Quận 8,150,Tây,3,2,Đã có sổ,4200
Quận 8,73,,2,2,Giấy tờ khác,2300
Quận 9,105,,4,2,,6100
Quận Thủ Đức,38,Bắc,1,1,Đã có sổ,1180
Quận Bình Thạnh,95,,3,3,Đang chờ sổ,3200
Quận Phú Nhuận,73,,2,2,Đã có sổ,4500
Quận Thủ Đức,55,Bắc,1,1,Đã có sổ,2200
Quận Phú Nhuận,24,,2,3,Đã có sổ,9000
Quận 12,65,Đông Nam,2,2,Đã có sổ,2200
Quận 9,86,,3,2,,2300
Quận 1,30,,1,1,Đã có sổ,1650
Quận 9,64,Tây Nam,2,2,Đang chờ sổ,2150
Quận 8,79,,3,2,Giấy tờ khác,1854
Quận Tân Bình,12.2,,1,2,,1950
Quận 2,56.32,Tây Bắc,2,2,Đang chờ sổ,670
Quận 7,82,Tây Bắc,3,2,Đã có sổ,3130
Quận Bình Thạnh,55,,1,1,,3000
Quận Bình Thạnh,68,,2,2,,2850
Quận 12,65,,2,2,Đã có sổ,1860
Quận 9,58,,2,2,,1800
Huyện Bình Chánh,40,,1,1,Đang chờ sổ,980
Quận 6,72,Nam,2,2,,2100
Quận 9,52,Nam,2,1,Đã có sổ,1780
Huyện Nhà Bè,72,,2,2,Đang chờ sổ,3000
Quận 2,60,,1,1,Đã có sổ,2900
Huyện Nhà Bè,68,,2,2,,2400
Quận Bình Tân,65,,2,2,Đang chờ sổ,1900
Quận 9,97,Đông Bắc,3,2,Đã có sổ,2650
Quận 9,47,,1,1,Đã có sổ,1750
Quận 2,350.4,Đông Nam,6,,Đang chờ sổ,25500
Quận 1,62,,1,1,Đang chờ sổ,17250
Huyện Nhà Bè,70,,2,2,Đang chờ sổ,2900
Quận 9,60,,2,1,Đang chờ sổ,2500
Quận 8,81,,3,2,Đang chờ sổ,1870
Quận 2,61,,2,2,Đang chờ sổ,1880
Quận 7,140,,3,3,,7400
Quận Tân Phú,92,Tây Nam,2,2,Giấy tờ khác,4400
Quận 3,38,,2,2,Đã có sổ,5100
Quận Bình Thạnh,68,,2,2,Đã có sổ,3150
Quận Bình Thạnh,85,,2,2,Đã có sổ,4600
Quận Thủ Đức,38,Tây Bắc,1,1,Đã có sổ,1150
Quận 9,115,,1,1,Giấy tờ khác,4321
Quận Bình Thạnh,75,,2,2,Đã có sổ,1435
Quận 2,106,,3,2,Đã có sổ,3700
Huyện Bình Chánh,56,,2,1,Đang chờ sổ,2150
Quận 4,65,,2,2,Đã có sổ,4500
Quận Bình Tân,2400,Đông Nam,8,,Đã có sổ,55000
Quận Thủ Đức,37,Tây Bắc,1,1,Đã có sổ,1180
Quận 12,65,,2,2,Đang chờ sổ,1950
Quận Bình Thạnh,82,Đông Nam,2,2,Đã có sổ,2800
Quận Bình Tân,63,,2,1,Đang chờ sổ,2000
Quận 2,64,,2,2,Đang chờ sổ,4350
Quận Phú Nhuận,96,Đông,3,2,,5900
Quận 9,71,,2,2,,2500
Quận 12,61,Đông Bắc,2,2,Đã có sổ,2100
Quận 9,86,,3,2,,2270
Quận Tân Phú,96,,2,2,Giấy tờ khác,5100
Quận 8,73,,2,2,Đã có sổ,2300
Quận 2,63.7,Bắc,2,2,Đã có sổ,2100
Quận Bình Thạnh,79,Đông Nam,2,2,Đã có sổ,6590.957569
Quận Tân Bình,34,,1,1,,980
Quận 8,79,,2,2,Đang chờ sổ,2400
Quận 12,65,,2,2,Đang chờ sổ,2200
Quận 9,81,Tây Bắc,3,2,Đang chờ sổ,3400
Quận 7,320,Đông Bắc,5,5,Giấy tờ khác,20000
Quận 9,86,,3,2,Đã có sổ,2000
Quận 7,74,,2,2,Đang chờ sổ,1800
Quận Thủ Đức,45,,2,1,Giấy tờ khác,1300
Huyện Nhà Bè,70,,2,2,Đang chờ sổ,2800
Quận Bình Thạnh,52.75,Đông Bắc,2,1,Đang chờ sổ,2850
Quận Thủ Đức,75,Đông Nam,2,2,Đã có sổ,2450
Quận 3,56,Đông,2,1,Giấy tờ khác,1900
Quận Thủ Đức,77,,2,2,Đã có sổ,2300
Quận Tân Phú,84,,3,2,,3350
Quận Tân Phú,65.6,,2,2,,2700
Quận 9,46,Tây,1,1,Đang chờ sổ,1556
Quận Thủ Đức,53,Đông Bắc,2,1,,1700
Quận Thủ Đức,33,,1,,,1250
Quận 2,85,Đông Nam,2,2,Đang chờ sổ,3050
Quận Tân Bình,89,,2,2,Đang chờ sổ,2500
Quận Bình Tân,101,,2,2,Giấy tờ khác,3287
Quận 9,59,,2,1,Đang chờ sổ,2550
Quận Thủ Đức,40,Tây Nam,1,1,Đã có sổ,1150
Quận Thủ Đức,38,Đông Nam,1,1,Đã có sổ,1190
Quận Thủ Đức,38,,1,1,Đã có sổ,1120
Quận 9,70,,2,2,Đang chờ sổ,2600
Quận 7,53,,1,1,Đang chờ sổ,2250
Quận Bình Thạnh,106,,3,2,Đã có sổ,6400
Quận Tân Bình,40,Đông,1,1,Giấy tờ khác,950
Quận Thủ Đức,68,,2,2,Đã có sổ,2900
Quận 12,65,,2,2,Đang chờ sổ,2600
Quận Bình Thạnh,170,,3,3,Đã có sổ,6900
Quận 8,57,,1,1,,1870
Huyện Bình Chánh,59,,2,2,Giấy tờ khác,2200
Quận 3,40,Đông Bắc,1,1,Giấy tờ khác,1000
Quận Tân Phú,84,Tây Bắc,2,2,,3780
Quận Gò Vấp,75,Nam,2,2,Đã có sổ,3700
Quận Tân Phú,72,,2,2,Đang chờ sổ,2600
Quận Phú Nhuận,70,,2,1,Đã có sổ,3600
Quận Thủ Đức,75,,3,,,800
Quận 5,150,,3,4,Đã có sổ,5950
Quận Tân Bình,60,,2,2,Đã có sổ,2350
Quận 11,95,,2,2,Đã có sổ,3800
Quận Thủ Đức,80,,2,2,Đã có sổ,2450
Quận 12,48.6,,2,1,Giấy tờ khác,1690
Quận 9,30,,1,1,Đang chờ sổ,1400
Quận 7,90,,1,1,,9000
Quận Bình Thạnh,90,,1,,,9000
Quận Tân Phú,123,,2,2,,10000
Quận Bình Tân,68,,2,2,,2600
Quận Bình Tân,75,,2,2,,3000
Quận Bình Thạnh,90,,2,2,Đã có sổ,6100
Quận 9,51.7,,1,1,Đang chờ sổ,450
Quận 2,75,,2,2,Đã có sổ,4200
Quận Tân Phú,65,,2,2,Đang chờ sổ,2800
Quận Phú Nhuận,33,,1,1,,3200
Huyện Bình Chánh,80,Đông,3,3,Đã có sổ,780
Quận Bình Tân,51,,2,1,Đã có sổ,1670
Quận Tân Phú,91,,3,2,,3350
Quận 2,64,,2,2,Đã có sổ,1260
Quận 5,103,,3,3,Đã có sổ,1450
Quận 7,147,Đông Nam,3,3,Đã có sổ,9500
Quận 9,51,Tây Bắc,1,1,Đang chờ sổ,1600
Quận Tân Bình,52,,1,1,,2970
Quận 7,45,,2,1,,2690
Quận 7,161.45,,3,4,,2300
Quận Tân Phú,112.1,,3,2,Giấy tờ khác,5555
Quận 7,67,,2,2,Đang chờ sổ,1550
Quận 2,75,Tây Bắc,2,2,Đang chờ sổ,4300
Quận 9,69,,2,1,Đã có sổ,1900
Quận 9,69,,2,1,Đang chờ sổ,1900
Quận Tân Phú,47,Bắc,1,1,Đang chờ sổ,1500
Quận Phú Nhuận,70,,2,2,Đang chờ sổ,3990
Quận 2,63,Đông,1,1,Đang chờ sổ,1950
Quận 2,66,Nam,2,2,Đang chờ sổ,3000
Quận Bình Tân,100,Đông,3,2,Đang chờ sổ,2150
Huyện Nhà Bè,67,Đông Nam,2,2,Đang chờ sổ,1150
Quận 2,52,,1,1,Đang chờ sổ,1400
Quận Tân Phú,90,,3,2,Đang chờ sổ,3100
Quận 1,160,Đông,4,3,Đang chờ sổ,30000
Quận 2,50,,1,1,,1200
Quận 2,90,,2,2,Đang chờ sổ,5500
Quận 7,200,Tây,2,1,,100
Quận Thủ Đức,37,Bắc,1,1,Đã có sổ,1200
Quận Gò Vấp,95,Tây Bắc,3,2,Đã có sổ,3990
Quận Gò Vấp,71,,2,2,,2000
Quận 9,59,,2,2,,450
Quận 8,72,Đông,2,2,Giấy tờ khác,2000
Quận Bình Thạnh,124,,3,2,,8800
Quận Bình Thạnh,72,Đông Nam,2,2,Đang chờ sổ,3100
Quận Bình Tân,72,,2,,,1650
Quận Bình Tân,72,,2,,Đã có sổ,1771
Quận Bình Tân,78,,2,2,Đã có sổ,1830
Quận Bình Tân,60,Nam,2,1,Đã có sổ,1460
Quận Tân Phú,53,,2,1,,2450
Quận 4,77,Đông Bắc,2,2,Đang chờ sổ,3350
Quận 7,64.07,,1,1,Đang chờ sổ,2850
Quận Bình Tân,36,,1,,,3380
Quận 9,59,,2,2,Đang chờ sổ,2535
Quận 7,96,,3,2,,3800
Quận 7,96,,3,2,,4000
Quận 4,100,,3,2,Đã có sổ,3700
Quận 1,46,,1,1,Đã có sổ,2900
Quận Tân Bình,60,,2,2,Đang chờ sổ,3300
Quận 2,127,Đông,3,3,Giấy tờ khác,9000
Quận 9,70,,2,2,,2700
Quận 7,67,,2,2,Đang chờ sổ,1530
Huyện Nhà Bè,121,Tây Nam,3,2,Đã có sổ,2630
Quận Tân Bình,76,,3,2,Đang chờ sổ,2680
Quận Gò Vấp,62,,2,2,Đã có sổ,2150
Quận Bình Thạnh,62,Tây,2,1,Đã có sổ,2300
Quận 2,46,Đông Nam,1,1,Đang chờ sổ,2950
Quận 2,74,,3,3,,2000
Quận 12,50,,2,2,Đã có sổ,1800
Huyện Nhà Bè,121,,3,3,Đã có sổ,2400
Quận 9,56,Nam,1,1,Giấy tờ khác,1454
Quận Tân Phú,72,,2,2,Đã có sổ,2100
Quận 1,101,,3,2,Đang chờ sổ,15000
Quận 12,65,,2,2,,2300
Quận 9,56,,2,1,,1850
Quận 9,67,,2,2,,2700
Quận Tân Phú,59,Nam,2,2,Đang chờ sổ,1550
Quận 8,80,,2,2,,900
Huyện Bình Chánh,59,Đông,2,2,Đang chờ sổ,2200
Quận Bình Tân,76,,2,2,Giấy tờ khác,2370
Quận Bình Tân,37,Đông Nam,1,1,Đã có sổ,850
Quận 8,78,,2,2,,2540
Quận 8,75,,2,2,,2140
Quận 4,81,,2,2,Đang chờ sổ,3450
Quận 6,53,,2,2,,1550
Quận 7,34,,1,,Đang chờ sổ,1650
Quận 4,75,,2,2,Đã có sổ,3000
Quận Tân Phú,67,,2,2,,1800
Quận Gò Vấp,170,,,,,36000
Quận 8,62,,2,2,Đang chờ sổ,2150
Quận 5,55.4,Tây Nam,2,1,Đã có sổ,2600
Quận 10,78,Tây Nam,2,2,Đang chờ sổ,6800
Quận Tân Phú,65,Đông Bắc,2,2,Đang chờ sổ,2450
Quận Tân Phú,70,,2,2,Đã có sổ,2350
Quận 2,85,,2,2,,3450
Quận Tân Phú,62,,2,2,Đang chờ sổ,1950
Quận Tân Phú,38,Tây Bắc,1,1,Đã có sổ,1450
Quận 7,70.2,Bắc,2,2,,3350
Quận Tân Bình,72,,2,2,Đã có sổ,1250
Quận 9,52,,2,1,,1835
Quận Tân Bình,36,,1,1,,950
Quận Bình Thạnh,130,,3,3,,5500
Quận Tân Phú,103.4,,2,2,Đã có sổ,4700
Quận 8,85,,3,2,Đã có sổ,2856
Quận Thủ Đức,37,Đông,1,1,Đã có sổ,1135
Quận Bình Tân,66,,2,2,Đã có sổ,1730
Quận 12,61,Đông,2,2,Đã có sổ,1850
Quận 7,52,,2,1,Đã có sổ,2300
Huyện Nhà Bè,70,,2,2,Đang chờ sổ,3000
Quận 9,47,,1,1,Đang chờ sổ,1850
Huyện Bình Chánh,40,,2,1,Đang chờ sổ,1290
Quận Tân Bình,90.5,Tây Nam,2,2,Đã có sổ,3150
Quận 12,51,Nam,2,2,Đã có sổ,1800
Quận Tân Phú,46,Đông,1,1,Đã có sổ,1450
Quận 9,54,,1,2,Đã có sổ,1300
Quận 1,72,,2,2,Giấy tờ khác,9800
Quận Bình Tân,52,,1,,,1900
Quận Bình Tân,47,,1,1,Đã có sổ,1170
Quận Bình Tân,73,Đông,2,2,Giấy tờ khác,1700
Quận 9,59,Đông Nam,2,1,Đang chờ sổ,1255
Quận Tân Phú,54,,2,1,,2450
Quận Bình Thạnh,60,,2,2,Đang chờ sổ,3100
Quận Bình Thạnh,62,,2,1,Đã có sổ,2550
Quận Bình Thạnh,116,,3,2,Đã có sổ,7600
Quận Tân Bình,57.3,Đông Nam,2,2,Đã có sổ,2350
Quận 4,87,,2,,Đã có sổ,3200
Quận Thủ Đức,80,,3,2,Đang chờ sổ,3300
Quận 8,182,,3,3,Đã có sổ,5900
Quận Tân Phú,145,,2,2,,10100
Quận Thủ Đức,66,Đông Nam,2,2,Giấy tờ khác,1421
Huyện Bình Chánh,109,Đông,3,2,Đã có sổ,2200
Quận Tân Phú,75,,3,2,Đã có sổ,2700
Huyện Bình Chánh,72,,2,2,Đang chờ sổ,2660
Quận Tân Bình,70,,2,2,Đang chờ sổ,4300
Quận Bình Thạnh,105,,2,2,,3500
Quận 7,114,Bắc,3,2,Đang chờ sổ,3900
Quận Tân Phú,64,,2,2,Đang chờ sổ,1850
Quận 9,79,,3,,Đang chờ sổ,2750
Quận 2,96,,2,2,Đang chờ sổ,8600
Quận 8,50,,1,1,Đang chờ sổ,2400
Quận 12,65,,2,2,,1680
Quận Tân Bình,66,Đông Bắc,2,2,Đã có sổ,3500
Quận 2,45,,1,1,Đang chờ sổ,2100
Quận 8,60,,2,1,,2290
Huyện Bình Chánh,50,,2,2,Đang chờ sổ,1350
Quận Thủ Đức,75,Đông Bắc,2,2,Đã có sổ,2600
Quận 7,36,,1,1,,1120
Quận Thủ Đức,50,Tây Bắc,2,2,Đã có sổ,1470
Quận 9,31,,1,1,Đang chờ sổ,1230
Quận 7,99,,3,2,,5300
Quận 7,62,,2,1,,3100
Quận 8,31.7,Đông Nam,3,1,Đã có sổ,2200
Quận Bình Tân,75,Đông,2,2,,2900
Quận Bình Tân,75,,2,2,,2624
Quận Tân Phú,40,Bắc,1,1,Đã có sổ,950
Quận Tân Phú,65,,2,2,,2780
Quận Gò Vấp,74,,2,3,Đã có sổ,5700
Quận 9,33,,1,1,Đang chờ sổ,1240
Quận 2,73,Tây,2,2,Đang chờ sổ,3200
Quận Tân Phú,68,,2,2,,1500
Quận 8,164,,4,2,Đang chờ sổ,6400
Quận Tân Bình,30,,1,1,,850
Quận 9,66,,2,2,,2470
Quận Bình Tân,83,,3,2,,2300
Quận 2,75,,2,2,Đã có sổ,1100
Quận Tân Phú,65,,2,2,Đã có sổ,2850
Quận 8,99.34,Nam,2,2,Đã có sổ,2080
Quận 9,66,,2,2,Đang chờ sổ,2200
Quận Tân Bình,44,Đông,1,1,Giấy tờ khác,950
Quận 9,58,,2,2,,1750
Quận 2,55,,1,2,Đã có sổ,1950
Quận 7,37,Bắc,1,1,Đang chờ sổ,1800
Quận 7,84,Đông,2,1,Đã có sổ,2200
Quận 7,68.66,,2,2,Đã có sổ,2250
Quận 9,81,Tây Nam,3,2,Giấy tờ khác,3300
Quận Thủ Đức,40,,1,1,Giấy tờ khác,960
Quận Thủ Đức,50,,2,2,Đã có sổ,1470
Quận Thủ Đức,37,,1,1,Đã có sổ,1170
Quận Tân Bình,,,1,1,Đã có sổ,1000
Quận 9,46,,1,1,Đang chờ sổ,1786
Quận Tân Phú,53,,2,1,,2450
Quận 8,62,Đông Nam,2,2,Đang chờ sổ,2100
Quận 7,106,Đông,2,2,Đã có sổ,4600
Quận 7,80,,2,2,,3800
Huyện Bình Chánh,60,Đông Nam,2,2,Đang chờ sổ,1440
Quận 2,56,,2,1,,3200
Huyện Nhà Bè,67,Tây,2,2,Đang chờ sổ,1400
Quận Tân Phú,96,Nam,2,2,Giấy tờ khác,5140
Quận 10,60,Đông Bắc,2,2,Đang chờ sổ,2700
Quận Bình Tân,71,,2,2,Đang chờ sổ,185
Quận 7,99,,2,2,Đã có sổ,4100
Quận Thủ Đức,70,,2,2,,1950
Quận 7,120,,3,3,,3500
Quận Tân Phú,87,Đông,2,2,Đang chờ sổ,2500
Quận 11,40,,1,1,Đã có sổ,1600
Huyện Bình Chánh,69,,2,2,Đã có sổ,1700
Huyện Bình Chánh,32,,1,1,,1550
Quận Thủ Đức,51,,1,1,Đang chờ sổ,1680
Quận Gò Vấp,75,,2,2,,2650
Quận 8,54,,2,1,Giấy tờ khác,2050
Quận 12,17.5,Đông,2,1,Đã có sổ,760
Quận 11,90,,2,2,Đã có sổ,1520
Huyện Hóc Môn,165,,,,Đã có sổ,7500
Quận Tân Phú,63,,2,2,Đã có sổ,1690
Quận 7,70,Nam,2,2,Đang chờ sổ,3500
Quận 12,71,Bắc,2,2,Đang chờ sổ,1869
Quận Bình Thạnh,63,,2,1,Đã có sổ,1670
Quận Tân Bình,38,Đông Nam,1,1,Đã có sổ,1900
Quận 1,68.2,Đông,2,2,Đã có sổ,12900
Quận 8,61.75,,2,2,,1680
Quận Thủ Đức,77,Tây,2,2,Đã có sổ,2500
Quận 7,75,,2,2,,2800
Huyện Bình Chánh,41,Đông,1,1,Đã có sổ,600
Quận Tân Phú,40,,1,1,Đã có sổ,1420
Quận 2,56.9,,1,1,Đang chờ sổ,7958
Quận 8,73,,2,2,,2000
Quận 12,57,,2,1,Giấy tờ khác,1750
Quận 1,25,,1,1,Đã có sổ,1230
Quận Tân Phú,71,,2,2,Đang chờ sổ,3600
Quận Tân Bình,40,,1,1,Đang chờ sổ,900
Quận 4,90,,3,2,Đã có sổ,3950
Quận 8,75,Tây Bắc,2,2,Đã có sổ,2920
Quận Thủ Đức,68,,2,2,,2470
Quận Thủ Đức,68,Tây Bắc,2,2,Đang chờ sổ,3500
Huyện Nhà Bè,52,,2,1,,2000
Quận Bình Tân,80,Đông,3,3,Đã có sổ,2200
Quận 12,55,,3,3,Đã có sổ,4800
Quận Thủ Đức,51,,1,1,,1600
Quận 12,69,Đông Bắc,2,2,Đang chờ sổ,1820
Quận 8,54,,2,1,Đang chờ sổ,2040
Quận 8,75,,2,2,Đang chờ sổ,2180
Quận 7,85,,2,3,Đang chờ sổ,1760
Quận 11,40,,1,1,Đã có sổ,950
Quận Tân Bình,40,Nam,1,1,Đã có sổ,950
Quận 2,70,,2,2,Đã có sổ,4150
Quận 7,53,,1,1,,2150
Quận 12,60,Tây,2,2,Đang chờ sổ,1520
Quận Thủ Đức,78,,3,2,,1980
Quận 7,106,Đông,2,2,Đã có sổ,4400
Quận Bình Tân,80,,3,2,Đang chờ sổ,2700
Quận Tân Bình,56,,1,1,,2986
Quận 10,75,,2,2,Đã có sổ,3399
Quận Tân Phú,58,,2,1,Đã có sổ,1790
Quận 9,61,,2,1,Đã có sổ,1390
Huyện Bình Chánh,101,Bắc,3,2,Đã có sổ,1950
Quận 8,74,,2,2,Đang chờ sổ,3290
Quận Bình Tân,53,,2,1,Đang chờ sổ,1330
Quận 2,85,,2,2,Đang chờ sổ,3450
Quận 4,53,,1,1,,3800
Quận Phú Nhuận,50,,1,1,,3500
Quận 12,53,Tây,2,2,Đã có sổ,1550
Quận 7,55,,2,1,,2300
Quận 9,46,Tây,1,1,Đang chờ sổ,756
Quận 5,42,,2,1,Đã có sổ,1600
Quận 2,69,,2,2,Đã có sổ,4250
Quận 8,72,,2,2,Đã có sổ,1950
Quận Thủ Đức,100,Đông Bắc,3,2,Đã có sổ,3050
Quận Tân Phú,87,,2,2,Đã có sổ,2200
Quận Tân Bình,45,,1,1,,950
Quận Tân Phú,65,,2,2,,2850
Quận Tân Phú,91,,2,2,,3500
Quận 8,73,Đông,2,2,,2150
Huyện Nhà Bè,68,,2,2,Đang chờ sổ,2500
Quận 7,67,,2,2,Đang chờ sổ,1500
Quận 7,57.1,Đông Bắc,2,1,Đang chờ sổ,2280
Quận Bình Thạnh,78,,2,1,Đã có sổ,3200
Quận 9,59,,2,1,,1996
Quận Thủ Đức,80,Đông Nam,3,2,Đang chờ sổ,3500
Quận 12,54,,2,2,,1840
Quận 2,62,,2,2,Đã có sổ,2290
Quận 8,73,,2,2,,2350
Huyện Nhà Bè,75,,2,2,Đã có sổ,1750
Quận 2,108,Tây,2,2,Đang chờ sổ,9500
Quận Tân Phú,84,,3,2,,3550
Quận 7,80,Đông Bắc,2,2,Đang chờ sổ,3350
Huyện Nhà Bè,100,,2,2,Đã có sổ,2100
Huyện Bình Chánh,65,Tây Nam,2,2,Giấy tờ khác,2100
Quận 2,50,Tây Bắc,1,1,Đã có sổ,1999
Quận Tân Bình,35,Bắc,1,1,Giấy tờ khác,950
Quận 2,98,,2,2,Đã có sổ,5400
Quận Gò Vấp,66,,2,2,Giấy tờ khác,450
Quận Thủ Đức,60,,2,2,Đang chờ sổ,1550
Quận 7,76,,2,2,Đã có sổ,3690
Quận Tân Bình,46,,1,1,Giấy tờ khác,950
Quận 2,33,,1,1,Đã có sổ,1800
Quận Thủ Đức,70,Đông Nam,2,2,Đã có sổ,1970
Quận 2,65,,2,2,Đã có sổ,4150
Quận 7,53,,1,1,,2250
Quận 8,60,Đông Bắc,2,1,Đã có sổ,2300
Huyện Nhà Bè,71,Bắc,2,2,,2950
Quận 7,82,,2,2,Đã có sổ,3100
Quận Tân Bình,52,Đông,1,1,Đã có sổ,1850
Quận Thủ Đức,75,,2,2,Đã có sổ,1530
Quận Thủ Đức,38,Đông,1,1,Đã có sổ,1200
Quận 7,76,,2,2,Đang chờ sổ,3690
Quận Bình Thạnh,72,Đông Nam,2,2,Đang chờ sổ,3150
Quận Tân Phú,65,,2,2,,2850
Quận Tân Bình,57,,2,1,,3300
Quận Gò Vấp,66,,2,2,Đã có sổ,1200
Quận Thủ Đức,37,Tây Bắc,1,1,Đã có sổ,1080
Quận 8,166,,3,2,Giấy tờ khác,8500
Huyện Nhà Bè,100,,2,2,Đã có sổ,2200
Quận 10,73,,2,2,Đang chờ sổ,5500
Quận 8,56,Đông Nam,2,2,Giấy tờ khác,1185
Quận 7,70,,2,2,Đã có sổ,2600
Quận 2,63,,2,2,Đang chờ sổ,2150
Quận 8,78.88,Tây Bắc,2,2,Đang chờ sổ,2500
Quận 8,68,Đông Nam,2,2,Đã có sổ,2500
Quận 8,54,,2,1,Đang chờ sổ,2090
Quận Tân Phú,85.21,,2,2,Giấy tờ khác,4200
Huyện Nhà Bè,315,,5,3,Đã có sổ,4700
Huyện Nhà Bè,401,,5,3,Đã có sổ,5600
Quận Bình Tân,53,,1,1,Đang chờ sổ,1880
Quận 8,55,,2,2,,1420
Quận Phú Nhuận,109,,3,2,Đang chờ sổ,7945
Quận 7,105,,3,2,Đang chờ sổ,4900
Quận 8,76,,3,2,Giấy tờ khác,1691
Quận Tân Phú,96,Tây,2,2,,7777.777
Quận 9,58,,2,,,1600
Quận Tân Phú,107,Đông Nam,3,2,Giấy tờ khác,5029
Quận Tân Phú,53,Tây Bắc,2,1,,2500
Quận 8,52,,2,1,Đang chờ sổ,2140
Quận Tân Phú,91,Tây Bắc,3,2,Giấy tờ khác,3590
Quận 9,69.4,Đông Bắc,3,2,Giấy tờ khác,1622.38
Quận Gò Vấp,65,,2,2,Đã có sổ,1900
Quận Tân Phú,63,Nam,2,1,,3300
Quận Gò Vấp,75,Nam,2,2,,3850
Quận 9,69.73,,2,2,,2650
Quận Bình Tân,56,,2,1,Đang chờ sổ,2230
Quận Thủ Đức,69,,2,2,,2600
Quận Phú Nhuận,103,Đông Bắc,2,2,Đã có sổ,6200
Huyện Nhà Bè,100,,2,2,Đã có sổ,2130
Quận Tân Bình,69,,2,2,Đang chờ sổ,4000
Quận Thủ Đức,59,Đông Nam,2,2,Đã có sổ,1780
Quận 2,158,,2,2,Đang chờ sổ,12000
Quận Tân Phú,69,Tây Bắc,2,2,Đã có sổ,2800
Quận Thủ Đức,72,,2,2,,2100
Quận Tân Phú,92.5,Tây Bắc,2,2,Giấy tờ khác,4430
Quận Thủ Đức,74,,2,2,Đang chờ sổ,1700
Quận 6,51,,2,1,Đang chờ sổ,1750
Quận 2,64,,2,2,Đã có sổ,3200
Quận Bình Thạnh,72,Đông Nam,2,2,Đang chờ sổ,2900
Quận 8,68,,2,2,Đã có sổ,2500
Quận 10,108,,3,2,,7300
Quận 3,52,,1,1,,1850
Quận Bình Tân,56,,2,1,,2160
Quận 8,73,,2,2,,2100
Huyện Bình Chánh,46,Đông Nam,1,1,Đang chờ sổ,1600
Quận Bình Thạnh,70,Tây Bắc,1,1,Đang chờ sổ,12000
Quận 4,50,,1,1,Đã có sổ,3450
Quận 8,62,Bắc,2,2,Đang chờ sổ,1500
Quận 2,52.7,,1,1,Đang chờ sổ,5000
Quận 8,68,,2,2,Đang chờ sổ,3000
Quận 2,107,,3,2,Đang chờ sổ,4600
Quận 2,48.8,,1,1,Đang chờ sổ,4100
Quận Tân Phú,66,,2,1,,2450
Quận 7,53,,1,1,,2250
Quận 7,103,Bắc,2,2,Đã có sổ,3880
Quận Thủ Đức,80,Nam,2,2,,2420
Quận Bình Tân,40,,2,1,Đã có sổ,850
Quận Tân Bình,57,,2,1,,3150
Quận Tân Bình,90,,3,2,Đã có sổ,3450
Quận 8,74,,2,2,Đang chờ sổ,2200
Quận 9,59,,2,1,Đang chờ sổ,1400
Quận 2,89.94,,3,2,Đang chờ sổ,5200
Quận 9,69,Đông Nam,2,2,Đang chờ sổ,2600
Quận 7,53,,1,1,Đang chờ sổ,1900
Quận 7,147,,3,2,Đã có sổ,6400
Quận 12,47,,1,1,Giấy tờ khác,2050
Quận Tân Phú,63,Tây Bắc,2,2,Đã có sổ,2720
Quận 9,69,,2,2,,2100
Quận 8,74,Đông Nam,2,1,Đã có sổ,1590
Quận Thủ Đức,67,,2,2,,2650
Quận 7,70,,2,2,Đang chờ sổ,2200
Quận 2,68,,2,2,Đang chờ sổ,2100
Quận Phú Nhuận,52,,2,1,Đã có sổ,2450
Quận 9,73,,2,2,,2000
Huyện Nhà Bè,60,,2,2,Đang chờ sổ,1450
Quận Thủ Đức,57,,2,,,520
Quận 10,50,,1,1,Đang chờ sổ,3800
Quận 9,65,Nam,2,2,Đang chờ sổ,2350
Quận 7,150,Bắc,3,2,Đang chờ sổ,4050
Quận Bình Tân,63,Đông Nam,2,2,,1660
Quận 7,69,Tây Nam,2,2,Đang chờ sổ,2689
Quận 9,56,Đông Nam,2,1,,1750
Quận 8,99,,2,2,Đã có sổ,2150
Quận Thủ Đức,85,,2,2,Đã có sổ,2350
Quận 7,73,,2,2,Đã có sổ,1500
Quận 7,73,,2,2,Đang chờ sổ,1550
Quận Tân Phú,65.2,,2,2,Đang chờ sổ,2900
Quận 7,85,,2,3,Đang chờ sổ,1720
Quận Bình Tân,75,Đông Nam,2,2,Giấy tờ khác,2800
